ticket_id,created_at,month,quarter,customer_id,resolved_order_id,order_id,order_join,refund_amount_norm,refund_reason_code,replacement_issued,product_sku,product_name,agent_id,agent_team,assigned_team,source_system,exception_class,confidence,classification,evidence,evidence_source,customer_message_mentions_replacement,order_id_basis,text_corroborated,cross_ticket_partner,repl_cost_inr
case-2EB6AE8A97,2025-01-04 23:36:00,2025-01,2025Q1,customer-76EFB57E3F,order-F3AED75A53,order-F3AED75A53,order_id,1799.0,DOA-REPL,Y,sku-78E801A36D,AirLite Earbuds,agent-51B9A9155D,Logistics,Returns Desk,legacy_fd,confirmed,Confirmed,Refund + replacement recorded on same ticket,refund amount and replacement_issued=Y on same ticket,structured field + agent note,False,quoted on ticket,True,,1100
case-D3492143A9,2025-01-20 07:22:00,2025-01,2025Q1,customer-4D63C7B15B,order-0B15430735,order-0B15430735,fallback_cust_sku,4249.0,DOA-REPL,Y,sku-1D523A6F85,Strata 2 Over-Ear Headphones,agent-05E479EE73,Chat Frontline,Chat Frontline,legacy_fd,confirmed,Confirmed,Refund + replacement recorded on same ticket,refund amount and replacement_issued=Y on same ticket,structured field + agent note,False,inferred (customer+SKU),True,,2440
case-BB05910187,2025-02-04 12:28:00,2025-02,2025Q1,customer-1CE9FFAE43,order-D3EA502190,order-D3EA502190,order_id,2124.0,GW-OTHER,Y,sku-25C24EEA39,Pulse True Wireless Earbuds,agent-74E8D5BD49,Logistics,Logistics,helpdesk,confirmed,Confirmed,Refund + replacement recorded on same ticket,refund amount and replacement_issued=Y on same ticket,structured field + agent note,False,quoted on ticket,True,,1460
case-AEA7F6615A,2025-02-05 09:15:00,2025-02,2025Q1,customer-575901AC82,order-0F33B5E1B9,order-0F33B5E1B9,fallback_cust_sku,5999.0,WTY-BUYBACK,Y,sku-CE854858DB,Orbit Smart Speaker,agent-CAD0283874,Email Frontline,Email Frontline,legacy_fd,confirmed,Confirmed,Refund + replacement recorded on same ticket,refund amount and replacement_issued=Y on same ticket,structured field + agent note,False,inferred (customer+SKU),True,,2640
case-7D24F5961F,2025-02-08 09:19:00,2025-02,2025Q1,customer-5A83A6FB14,order-62C557DF17,order-62C557DF17,order_id,5599.0,GW-OTHER,Y,sku-01786EAD00,Strata 3 Over-Ear Headphones,agent-8DC899E1C3,Voice Frontline,Voice Frontline,legacy_fd,confirmed,Confirmed,Refund + replacement recorded on same ticket,refund amount and replacement_issued=Y on same ticket,structured field + agent note,False,quoted on ticket,True,,2990
case-6A09FEEFA7,2025-02-12 20:04:00,2025-02,2025Q1,customer-64A76EA51A,order-84B00F4298,order-84B00F4298,order_id,6299.0,GW-OTHER,Y,sku-01786EAD00,Strata 3 Over-Ear Headphones,agent-CE76EFF670,Logistics,Logistics,legacy_fd,confirmed,Confirmed,Refund + replacement recorded on same ticket,refund amount and replacement_issued=Y on same ticket,structured field + agent note,False,quoted on ticket,True,,2990
case-27012F3E22,2025-02-16 12:47:00,2025-02,2025Q1,customer-355EED2394,order-5FA5ECED29,order-5FA5ECED29,order_id,2499.0,GW-OTHER,Y,sku-25C24EEA39,Pulse True Wireless Earbuds,agent-2E6CFE0BA4,Logistics,Logistics,legacy_fd,confirmed,Confirmed,Refund + replacement recorded on same ticket,refund amount and replacement_issued=Y on same ticket,structured field + agent note,False,quoted on ticket,True,,1460
case-EC2B9EA33B,2025-02-26 19:35:00,2025-02,2025Q1,customer-5916EDC742,order-4457AF68B2,order-4457AF68B2,order_id,1104.0,DOA-REPL,Y,sku-97DA30AB66,Arc Neckband,agent-CE76EFF670,Logistics,Logistics,legacy_fd,confirmed,Confirmed,Refund + replacement recorded on same ticket,refund amount and replacement_issued=Y on same ticket,structured field + agent note,False,quoted on ticket,True,,880
case-F0BCC6A263,2025-03-03 17:22:00,2025-03,2025Q1,customer-66BDA55870,order-2D66AE9833,order-2D66AE9833,fallback_cust_sku,13998.0,GW-OTHER,Y,sku-01786EAD00,Strata 3 Over-Ear Headphones,agent-CE76EFF670,Logistics,Logistics,legacy_fd,confirmed,Confirmed,Refund + replacement recorded on same ticket,refund amount and replacement_issued=Y on same ticket,structured field + agent note,False,inferred (customer+SKU),True,,2990
case-E378D2E896,2025-03-06 12:33:00,2025-03,2025Q1,customer-F33CACD1F3,order-AFCD6BE6A4,order-AFCD6BE6A4,order_id,1619.0,DOA-REPL,Y,sku-78E801A36D,AirLite Earbuds,agent-2E6CFE0BA4,Logistics,Logistics,legacy_fd,confirmed,Confirmed,Refund + replacement recorded on same ticket,refund amount and replacement_issued=Y on same ticket,structured field + agent note,False,quoted on ticket,True,,1100
case-29F9473F06,2025-03-10 17:24:00,2025-03,2025Q1,customer-2651DA8FA1,order-460BC0905E,order-460BC0905E,fallback_cust_sku,1499.0,DOA-REPL,Y,sku-F61459CA52,65W GaN Charger,agent-CE76EFF670,Logistics,Logistics,legacy_fd,confirmed,Confirmed,Refund + replacement recorded on same ticket,refund amount and replacement_issued=Y on same ticket,structured field + agent note,False,inferred (customer+SKU),True,,950
case-339E2EBF6D,2025-03-10 19:58:00,2025-03,2025Q1,customer-B29D9C84DC,order-9D1B4768AB,order-9D1B4768AB,fallback_cust_sku,1599.0,GW-OTHER,Y,sku-21A83778E7,Nexa Fit Band,agent-CE76EFF670,Logistics,Logistics,helpdesk,confirmed,Confirmed,Refund + replacement recorded on same ticket,refund amount and replacement_issued=Y on same ticket,structured field + agent note,True,inferred (customer+SKU),True,,1190
case-53D36789DE,2025-03-15 07:46:00,2025-03,2025Q1,customer-1C4F416045,order-0217B9D382,order-0217B9D382,fallback_cust_sku,2499.0,DOA-REPL,Y,sku-25C24EEA39,Pulse True Wireless Earbuds,agent-4BF6A29FD7,Email Frontline,Email Frontline,legacy_fd,confirmed,Confirmed,Refund + replacement recorded on same ticket,refund amount and replacement_issued=Y on same ticket,structured field + agent note,False,inferred (customer+SKU),True,,1460
case-3E7E2DBAC8,2025-03-16 14:08:00,2025-03,2025Q1,customer-429A5A9D79,order-5B2104D8EF,order-5B2104D8EF,fallback_cust_sku,6999.0,GW-OTHER,Y,sku-01786EAD00,Strata 3 Over-Ear Headphones,agent-CAD0283874,Email Frontline,Email Frontline,legacy_fd,confirmed,Confirmed,Refund + replacement recorded on same ticket,refund amount and replacement_issued=Y on same ticket,structured field + agent note,True,inferred (customer+SKU),True,,2990
case-C7CC88F862,2025-03-28 18:18:00,2025-03,2025Q1,customer-AA52ABEE3A,order-AD0D5BD5C6,order-AD0D5BD5C6,order_id,5699.0,DOA-REPL,Y,sku-CE854858DB,Orbit Smart Speaker,agent-B57F209F90,Billing,Billing,legacy_fd,confirmed,Confirmed,Refund + replacement recorded on same ticket,refund amount and replacement_issued=Y on same ticket,structured field + agent note,True,quoted on ticket,True,,2640
case-B4972ACA2C,2025-04-07 07:43:00,2025-04,2025Q2,customer-8763541952,order-13F8C95BEC,order-13F8C95BEC,fallback_cust_sku,2249.0,WTY-BUYBACK,Y,sku-25C24EEA39,Pulse True Wireless Earbuds,agent-E8307FEA53,Email Frontline,Email Frontline,legacy_fd,confirmed,Confirmed,Refund + replacement recorded on same ticket,refund amount and replacement_issued=Y on same ticket,structured field + agent note,False,inferred (customer+SKU),True,,1460
case-F4B9200528,2025-04-07 18:28:00,2025-04,2025Q2,customer-E5C1085F49,order-93DC7DB3BA,order-93DC7DB3BA,order_id,2374.0,WTY-BUYBACK,Y,sku-25C24EEA39,Pulse True Wireless Earbuds,agent-4458F7DBB1,Logistics,Logistics,legacy_fd,confirmed,Confirmed,Refund + replacement recorded on same ticket,refund amount and replacement_issued=Y on same ticket,structured field + agent note,True,quoted on ticket,True,,1460
case-0C208B5B25,2025-04-13 11:37:00,2025-04,2025Q2,customer-9DACA0057D,order-D12BA24033,order-D12BA24033,order_id,1999.0,GW-OTHER,Y,sku-25C24EEA39,Pulse True Wireless Earbuds,agent-C48C9AEC6C,Returns Desk,Returns Desk,legacy_fd,confirmed,Confirmed,Refund + replacement recorded on same ticket,refund amount and replacement_issued=Y on same ticket,structured field + agent note,False,quoted on ticket,True,,1460
case-00464E3D28,2025-04-18 09:26:00,2025-04,2025Q2,customer-3AEB792D48,order-2721AD20B5,order-2721AD20B5,order_id,1799.0,DOA-REPL,Y,sku-78E801A36D,AirLite Earbuds,agent-32566DEF47,Chat Frontline,Chat Frontline,legacy_fd,confirmed,Confirmed,Refund + replacement recorded on same ticket,refund amount and replacement_issued=Y on same ticket,structured field + agent note,False,quoted on ticket,True,,1100
case-3D1C60E5B3,2025-04-24 21:35:00,2025-04,2025Q2,customer-94BB450923,order-CCC6E70419,order-CCC6E70419,order_id,3598.0,DOA-REPL,Y,sku-78E801A36D,AirLite Earbuds,agent-3A17F69C28,Email Frontline,Email Frontline,legacy_fd,confirmed,Confirmed,Refund + replacement recorded on same ticket,refund amount and replacement_issued=Y on same ticket,structured field + agent note,False,quoted on ticket,True,,1100
case-01423D7BD4,2025-04-30 15:46:00,2025-04,2025Q2,customer-E0F5DD1157,order-8F61B06A6F,order-8F61B06A6F,order_id,2249.0,GW-OTHER,Y,sku-25C24EEA39,Pulse True Wireless Earbuds,agent-CAD0283874,Email Frontline,Email Frontline,legacy_fd,confirmed,Confirmed,Refund + replacement recorded on same ticket,refund amount and replacement_issued=Y on same ticket,structured field + agent note,False,quoted on ticket,True,,1460
case-D7A7D89E48,2025-05-07 08:44:00,2025-05,2025Q2,customer-BC7332D03D,order-3074E87B00,order-3074E87B00,fallback_cust_sku,5399.0,WTY-BUYBACK,Y,sku-CE854858DB,Orbit Smart Speaker,agent-2E6CFE0BA4,Logistics,Logistics,legacy_fd,confirmed,Confirmed,Refund + replacement recorded on same ticket,refund amount and replacement_issued=Y on same ticket,structured field + agent note,False,inferred (customer+SKU),True,,2640
case-CEF4F16D68,2025-05-07 14:02:00,2025-05,2025Q2,customer-597EAC3523,order-E0A2B51C8F,order-E0A2B51C8F,order_id,1599.0,WTY-BUYBACK,Y,sku-21A83778E7,Nexa Fit Band,agent-2C389F865D,Voice Frontline,Voice Frontline,legacy_fd,confirmed,Confirmed,Refund + replacement recorded on same ticket,refund amount and replacement_issued=Y on same ticket,structured field + agent note,False,quoted on ticket,True,,1190
case-DD8B83CB1B,2025-05-14 15:57:00,2025-05,2025Q2,customer-D5EDAAE85F,order-69253690AB,order-69253690AB,order_id,2998.0,GW-OTHER,Y,sku-F61459CA52,65W GaN Charger,agent-CE76EFF670,Logistics,Logistics,helpdesk,confirmed,Confirmed,Refund + replacement recorded on same ticket,refund amount and replacement_issued=Y on same ticket,structured field + agent note,False,quoted on ticket,True,,950
case-570AE1B400,2025-05-23 11:44:00,2025-05,2025Q2,customer-64F743DBCD,order-4F5802ED1A,order-4F5802ED1A,order_id,6499.0,WTY-BUYBACK,Y,sku-7D5C409757,Nexa 2 Smartwatch,agent-4458F7DBB1,Logistics,Logistics,legacy_fd,confirmed,Confirmed,Refund + replacement recorded on same ticket,refund amount and replacement_issued=Y on same ticket,structured field + agent note,False,quoted on ticket,True,,2790
case-5CD77610C0,2025-05-24 11:21:00,2025-05,2025Q2,customer-0803D04D4B,order-BD14E9B0DE,order-BD14E9B0DE,order_id,2499.0,GW-OTHER,Y,sku-25C24EEA39,Pulse True Wireless Earbuds,agent-05E479EE73,Chat Frontline,Chat Frontline,legacy_fd,confirmed,Confirmed,Refund + replacement recorded on same ticket,refund amount and replacement_issued=Y on same ticket,structured field + agent note,False,quoted on ticket,True,,1460
case-90DFBC0E36,2025-06-02 22:21:00,2025-06,2025Q2,customer-0E192AAD4B,order-219E8562CC,order-219E8562CC,order_id,1104.0,WTY-BUYBACK,Y,sku-97DA30AB66,Arc Neckband,agent-12C1E04FFA,Chat Frontline,Chat Frontline,helpdesk,confirmed,Confirmed,Refund + replacement recorded on same ticket,refund amount and replacement_issued=Y on same ticket,structured field + agent note,False,quoted on ticket,True,,880
case-8A4DC8EE92,2025-06-15 20:52:00,2025-06,2025Q2,customer-D6B10483B1,order-290E220454,order-290E220454,fallback_cust_sku,1529.0,GW-OTHER,Y,sku-78E801A36D,AirLite Earbuds,agent-266DE49821,Returns Desk,Voice Frontline,legacy_fd,confirmed,Confirmed,Refund + replacement recorded on same ticket,refund amount and replacement_issued=Y on same ticket,structured field + agent note,False,inferred (customer+SKU),True,,1100
case-37CBC692DE,2025-06-26 21:47:00,2025-06,2025Q2,customer-192B0165D2,order-8627FCAE72,order-8627FCAE72,order_id,6999.0,GW-OTHER,Y,sku-01786EAD00,Strata 3 Over-Ear Headphones,agent-20E7E3F166,Email Frontline,Email Frontline,legacy_fd,confirmed,Confirmed,Refund + replacement recorded on same ticket,refund amount and replacement_issued=Y on same ticket,structured field + agent note,False,quoted on ticket,True,,2990
case-FBEC14EB01,2025-07-02 11:52:00,2025-07,2025Q3,customer-C4A319235C,order-8C4F4582DB,order-8C4F4582DB,fallback_cust_sku,1104.0,WTY-BUYBACK,Y,sku-97DA30AB66,Arc Neckband,agent-CE76EFF670,Logistics,Logistics,legacy_fd,confirmed,Confirmed,Refund + replacement recorded on same ticket,refund amount and replacement_issued=Y on same ticket,structured field + agent note,False,inferred (customer+SKU),True,,880
case-506F522660,2025-07-03 00:38:00,2025-07,2025Q3,customer-4FF57F73DA,order-FF46AAD116,order-FF46AAD116,fallback_cust_sku,2499.0,GW-OTHER,Y,sku-25C24EEA39,Pulse True Wireless Earbuds,agent-1CD1933598,Escalations & Warranty,Escalations & Warranty,legacy_fd,confirmed,Confirmed,Refund + replacement recorded on same ticket,refund amount and replacement_issued=Y on same ticket,structured field + agent note,True,inferred (customer+SKU),True,,1460
case-3CD48EFBEB,2025-07-07 19:38:00,2025-07,2025Q3,customer-7432E22A08,order-6E9C8FCECD,order-6E9C8FCECD,order_id,2499.0,GW-OTHER,Y,sku-25C24EEA39,Pulse True Wireless Earbuds,agent-CE76EFF670,Logistics,Logistics,legacy_fd,confirmed,Confirmed,Refund + replacement recorded on same ticket,refund amount and replacement_issued=Y on same ticket,structured field + agent note,False,quoted on ticket,True,,1460
case-7DC7542824,2025-07-17 04:51:00,2025-07,2025Q3,customer-781A670D67,order-D9B6FAED5E,order-D9B6FAED5E,order_id,2374.0,WTY-BUYBACK,Y,sku-25C24EEA39,Pulse True Wireless Earbuds,agent-20E7E3F166,Email Frontline,Chat Frontline,legacy_fd,confirmed,Confirmed,Refund + replacement recorded on same ticket,refund amount and replacement_issued=Y on same ticket,structured field + agent note,False,quoted on ticket,True,,1460
case-B215D91C00,2025-07-19 11:11:00,2025-07,2025Q3,customer-2B8D416532,order-BD89D6B97C,order-BD89D6B97C,order_id,1709.0,GW-OTHER,Y,sku-78E801A36D,AirLite Earbuds,agent-2E6CFE0BA4,Logistics,Logistics,legacy_fd,confirmed,Confirmed,Refund + replacement recorded on same ticket,refund amount and replacement_issued=Y on same ticket,structured field + agent note,False,quoted on ticket,True,,1100
case-08FF2D1977,2025-07-31 08:08:00,2025-07,2025Q3,customer-8D329CC189,order-3B0EA17798,order-3B0EA17798,fallback_cust_sku,4499.0,DOA-REPL,Y,sku-1D523A6F85,Strata 2 Over-Ear Headphones,agent-8D2E651818,Chat Frontline,Chat Frontline,legacy_fd,confirmed,Confirmed,Refund + replacement recorded on same ticket,refund amount and replacement_issued=Y on same ticket,structured field + agent note,False,inferred (customer+SKU),True,,2440
case-D365B2FD55,2025-08-03 12:51:00,2025-08,2025Q3,customer-31476630C3,order-2EA7A1DD07,order-2EA7A1DD07,order_id,5199.0,GW-OTHER,Y,sku-7D5C409757,Nexa 2 Smartwatch,agent-1CD1933598,Escalations & Warranty,Escalations & Warranty,helpdesk,confirmed,Confirmed,Refund + replacement recorded on same ticket,refund amount and replacement_issued=Y on same ticket,structured field + agent note,False,quoted on ticket,True,,2790
case-B4413F7E15,2025-08-03 15:41:00,2025-08,2025Q3,customer-D2BC4E0FD7,order-71AA6B1C61,order-71AA6B1C61,fallback_cust_sku,3324.0,WTY-BUYBACK,Y,sku-4B6D1659BB,Pulse 2 True Wireless Earbuds,agent-CE76EFF670,Logistics,Logistics,legacy_fd,confirmed,Confirmed,Refund + replacement recorded on same ticket,refund amount and replacement_issued=Y on same ticket,structured field + agent note,False,inferred (customer+SKU),True,,1820
case-654920638D,2025-08-04 09:08:00,2025-08,2025Q3,customer-8E6F8283A5,order-B917C9901D,order-B917C9901D,order_id,6499.0,GW-OTHER,Y,sku-7D5C409757,Nexa 2 Smartwatch,agent-867063819F,Chat Frontline,Chat Frontline,legacy_fd,confirmed,Confirmed,Refund + replacement recorded on same ticket,refund amount and replacement_issued=Y on same ticket,structured field + agent note,False,quoted on ticket,True,,2790
case-3B357EFFC1,2025-08-09 22:26:00,2025-08,2025Q3,customer-A3CA37B005,order-C6E9C052C9,order-C6E9C052C9,fallback_cust_sku,1619.0,GW-OTHER,Y,sku-78E801A36D,AirLite Earbuds,agent-20E7E3F166,Email Frontline,Chat Frontline,legacy_fd,confirmed,Confirmed,Refund + replacement recorded on same ticket,refund amount and replacement_issued=Y on same ticket,structured field + agent note,True,inferred (customer+SKU),True,,1100
case-957989FA7C,2025-08-11 09:42:00,2025-08,2025Q3,customer-76ED3B8641,,,unmatched,1439.0,DOA-REPL,Y,sku-78E801A36D,AirLite Earbuds,agent-867063819F,Chat Frontline,Chat Frontline,legacy_fd,confirmed,Confirmed,Refund + replacement recorded on same ticket,refund amount and replacement_issued=Y on same ticket,structured field + agent note,False,none,True,,1100
case-E6F866A688,2025-08-13 07:49:00,2025-08,2025Q3,customer-5EB73F978E,order-821D0F06FE,order-821D0F06FE,fallback_cust_sku,6174.0,GW-OTHER,Y,sku-7D5C409757,Nexa 2 Smartwatch,agent-C48C9AEC6C,Returns Desk,Returns Desk,helpdesk,confirmed,Confirmed,Refund + replacement recorded on same ticket,refund amount and replacement_issued=Y on same ticket,structured field + agent note,False,inferred (customer+SKU),True,,2790
case-F38E0E9CB6,2025-08-19 11:21:00,2025-08,2025Q3,customer-17D88D0850,order-196D725A9A,order-196D725A9A,fallback_cust_sku,1080.0,RETURN-QC-OK,Y,sku-CE854858DB,Orbit Smart Speaker,agent-C48C9AEC6C,Returns Desk,Returns Desk,helpdesk,confirmed,Confirmed,Refund + replacement recorded on same ticket,refund amount and replacement_issued=Y on same ticket,structured field,False,inferred (customer+SKU),False,,2640
case-2677F13B09,2025-08-19 14:58:00,2025-08,2025Q3,customer-A92DA1660B,order-537E43AA74,order-537E43AA74,order_id,3499.0,WTY-BUYBACK,Y,sku-4B6D1659BB,Pulse 2 True Wireless Earbuds,agent-266DE49821,Returns Desk,Returns Desk,legacy_fd,confirmed,Confirmed,Refund + replacement recorded on same ticket,refund amount and replacement_issued=Y on same ticket,structured field + agent note,False,quoted on ticket,True,,1820
case-AF1C96743A,2025-08-19 17:38:00,2025-08,2025Q3,customer-8EEA3AFF4E,order-4F423B1976,order-4F423B1976,order_id,6499.0,DOA-REPL,Y,sku-7D5C409757,Nexa 2 Smartwatch,agent-CE76EFF670,Logistics,Logistics,legacy_fd,confirmed,Confirmed,Refund + replacement recorded on same ticket,refund amount and replacement_issued=Y on same ticket,structured field + agent note,False,quoted on ticket,True,,2790
case-A8621487CA,2025-08-29 11:25:00,2025-08,2025Q3,customer-8846F14B38,order-A9DFE3BEAF,order-A9DFE3BEAF,order_id,3149.0,GW-OTHER,Y,sku-4B6D1659BB,Pulse 2 True Wireless Earbuds,agent-8D2E651818,Chat Frontline,Chat Frontline,legacy_fd,confirmed,Confirmed,Refund + replacement recorded on same ticket,refund amount and replacement_issued=Y on same ticket,structured field + agent note,False,quoted on ticket,True,,1820
case-DCFE267EDB,2025-09-02 10:17:00,2025-09,2025Q3,customer-876C1B49B4,order-24CF9944BA,order-24CF9944BA,order_id,2974.0,DOA-REPL,Y,sku-4B6D1659BB,Pulse 2 True Wireless Earbuds,agent-2E6CFE0BA4,Logistics,Logistics,legacy_fd,confirmed,Confirmed,Refund + replacement recorded on same ticket,refund amount and replacement_issued=Y on same ticket,structured field + agent note,False,quoted on ticket,True,,1820
case-7B5A9BA904,2025-09-02 17:09:00,2025-09,2025Q3,customer-501D86AD14,order-41DEBF25E7,order-41DEBF25E7,order_id,1709.0,GW-OTHER,Y,sku-78E801A36D,AirLite Earbuds,agent-0677E1B0C2,Chat Frontline,Chat Frontline,legacy_fd,confirmed,Confirmed,Refund + replacement recorded on same ticket,refund amount and replacement_issued=Y on same ticket,structured field + agent note,False,quoted on ticket,True,,1100
case-E5E72EF96D,2025-09-05 10:52:00,2025-09,2025Q3,customer-D77B268000,order-595F5A71DA,order-595F5A71DA,fallback_cust_sku,2974.0,DOA-REPL,Y,sku-4B6D1659BB,Pulse 2 True Wireless Earbuds,agent-8D2E651818,Chat Frontline,Chat Frontline,legacy_fd,confirmed,Confirmed,Refund + replacement recorded on same ticket,refund amount and replacement_issued=Y on same ticket,structured field + agent note,False,inferred (customer+SKU),True,,1820
case-AD3AA45E6E,2025-09-08 12:23:00,2025-09,2025Q3,customer-E4501306D8,order-C313F5DA8D,order-C313F5DA8D,fallback_cust_sku,6999.0,GW-OTHER,Y,sku-01786EAD00,Strata 3 Over-Ear Headphones,agent-32566DEF47,Chat Frontline,Chat Frontline,helpdesk,confirmed,Confirmed,Refund + replacement recorded on same ticket,refund amount and replacement_issued=Y on same ticket,structured field + agent note,True,inferred (customer+SKU),True,,2990
case-C47F8D2EB7,2025-09-14 18:39:00,2025-09,2025Q3,customer-A0506D40DE,order-420D326F25,order-420D326F25,order_id,2124.0,GW-OTHER,Y,sku-25C24EEA39,Pulse True Wireless Earbuds,agent-CE76EFF670,Logistics,Logistics,helpdesk,confirmed,Confirmed,Refund + replacement recorded on same ticket,refund amount and replacement_issued=Y on same ticket,structured field + agent note,False,quoted on ticket,True,,1460
case-EEF9E96605,2025-09-15 21:07:00,2025-09,2025Q3,customer-DD1B8DCC1B,order-F562DC1F55,order-F562DC1F55,fallback_cust_sku,1799.0,GW-OTHER,Y,sku-78E801A36D,AirLite Earbuds,agent-12C1E04FFA,Chat Frontline,Voice Frontline,helpdesk,confirmed,Confirmed,Refund + replacement recorded on same ticket,refund amount and replacement_issued=Y on same ticket,structured field + agent note,False,inferred (customer+SKU),True,,1100
case-665495406C,2025-09-18 09:46:00,2025-09,2025Q3,customer-86472BCC5D,order-9E5A2D83F9,order-9E5A2D83F9,order_id,3324.0,GW-OTHER,Y,sku-4B6D1659BB,Pulse 2 True Wireless Earbuds,agent-CE76EFF670,Logistics,Logistics,helpdesk,confirmed,Confirmed,Refund + replacement recorded on same ticket,refund amount and replacement_issued=Y on same ticket,structured field + agent note,False,quoted on ticket,True,,1820
case-E3F32C8E8F,2025-09-27 19:50:00,2025-09,2025Q3,customer-5EB73F978E,order-821D0F06FE,order-821D0F06FE,fallback_cust_sku,6174.0,GW-OTHER,Y,sku-7D5C409757,Nexa 2 Smartwatch,agent-0677E1B0C2,Chat Frontline,Chat Frontline,helpdesk,confirmed,Confirmed,Refund + replacement recorded on same ticket,refund amount and replacement_issued=Y on same ticket,structured field + agent note,False,inferred (customer+SKU),True,,2790
case-68AB14ACAB,2025-09-28 20:38:00,2025-09,2025Q3,customer-9F957ED7E9,order-F0D53437D8,order-F0D53437D8,fallback_cust_sku,3499.0,GW-OTHER,Y,sku-4B6D1659BB,Pulse 2 True Wireless Earbuds,agent-1CD1933598,Escalations & Warranty,Chat Frontline,helpdesk,confirmed,Confirmed,Refund + replacement recorded on same ticket,refund amount and replacement_issued=Y on same ticket,structured field + agent note,False,inferred (customer+SKU),True,,1820
case-2415820D03,2025-09-30 20:23:00,2025-09,2025Q3,customer-E44A26E1D4,order-CFA3AA53ED,order-CFA3AA53ED,order_id,2799.0,GW-OTHER,Y,sku-4B6D1659BB,Pulse 2 True Wireless Earbuds,agent-2E6CFE0BA4,Logistics,Logistics,helpdesk,confirmed,Confirmed,Refund + replacement recorded on same ticket,refund amount and replacement_issued=Y on same ticket,structured field + agent note,False,quoted on ticket,True,,1820
case-68E8DA6FE8,2025-09-30 20:42:00,2025-09,2025Q3,customer-4CFE2C8766,order-EF0C5D30D7,order-EF0C5D30D7,order_id,2499.0,WTY-BUYBACK,Y,sku-25C24EEA39,Pulse True Wireless Earbuds,agent-2C389F865D,Voice Frontline,Voice Frontline,helpdesk,confirmed,Confirmed,Refund + replacement recorded on same ticket,refund amount and replacement_issued=Y on same ticket,structured field + agent note,False,quoted on ticket,True,,1460
case-F4D3B98959,2025-10-03 12:03:00,2025-10,2025Q4,customer-D509AA3418,order-02596F19A9,order-02596F19A9,order_id,3324.0,GW-OTHER,Y,sku-4B6D1659BB,Pulse 2 True Wireless Earbuds,agent-266DE49821,Returns Desk,Returns Desk,helpdesk,confirmed,Confirmed,Refund + replacement recorded on same ticket,refund amount and replacement_issued=Y on same ticket,structured field + agent note,True,quoted on ticket,True,,1820
case-BCD080EA34,2025-10-04 20:11:00,2025-10,2025Q4,customer-31BAD4D26C,order-B2FE4418D1,order-B2FE4418D1,order_id,1999.0,DOA-REPL,Y,sku-21A83778E7,Nexa Fit Band,agent-2C389F865D,Voice Frontline,Voice Frontline,helpdesk,confirmed,Confirmed,Refund + replacement recorded on same ticket,refund amount and replacement_issued=Y on same ticket,structured field + agent note,False,quoted on ticket,True,,1190
case-0B08A24629,2025-10-11 21:43:00,2025-10,2025Q4,customer-55B34A1ED1,order-055805BD18,order-055805BD18,order_id,4248.0,GW-OTHER,Y,sku-25C24EEA39,Pulse True Wireless Earbuds,agent-8186D4526C,Chat Frontline,Email Frontline,helpdesk,confirmed,Confirmed,Refund + replacement recorded on same ticket,refund amount and replacement_issued=Y on same ticket,structured field + agent note,False,quoted on ticket,True,,1460
case-3137FBA8E6,2025-10-13 19:32:00,2025-10,2025Q4,customer-FCEC7075A0,order-6C7BA71FE8,order-6C7BA71FE8,order_id,2499.0,GW-OTHER,Y,sku-25C24EEA39,Pulse True Wireless Earbuds,agent-266DE49821,Returns Desk,Returns Desk,helpdesk,confirmed,Confirmed,Refund + replacement recorded on same ticket,refund amount and replacement_issued=Y on same ticket,structured field + agent note,False,quoted on ticket,True,,1460
case-BAE80C423E,2025-10-19 21:52:00,2025-10,2025Q4,customer-EB9011D18C,order-E1A7B500A8,order-E1A7B500A8,order_id,4499.0,DOA-REPL,Y,sku-1D523A6F85,Strata 2 Over-Ear Headphones,agent-12C1E04FFA,Chat Frontline,Voice Frontline,helpdesk,confirmed,Confirmed,Refund + replacement recorded on same ticket,refund amount and replacement_issued=Y on same ticket,structured field + agent note,False,quoted on ticket,True,,2440
case-7F3706ED81,2025-10-21 12:51:00,2025-10,2025Q4,customer-5B9EB0E770,order-C9EC6F067B,order-C9EC6F067B,fallback_cust_sku,3149.0,GW-OTHER,Y,sku-4B6D1659BB,Pulse 2 True Wireless Earbuds,agent-1CD1933598,Escalations & Warranty,Escalations & Warranty,helpdesk,confirmed,Confirmed,Refund + replacement recorded on same ticket,refund amount and replacement_issued=Y on same ticket,structured field + agent note,False,inferred (customer+SKU),True,,1820
case-1893BE9380,2025-10-23 16:47:00,2025-10,2025Q4,customer-48F1C58DE1,order-BA588BE443,order-BA588BE443,order_id,6999.0,GW-OTHER,Y,sku-01786EAD00,Strata 3 Over-Ear Headphones,agent-1CD1933598,Escalations & Warranty,Voice Frontline,helpdesk,confirmed,Confirmed,Refund + replacement recorded on same ticket,refund amount and replacement_issued=Y on same ticket,structured field + agent note,False,quoted on ticket,True,,2990
case-78F5659536,2025-10-23 17:19:00,2025-10,2025Q4,customer-83DD80ECFC,order-DBB2789561,order-DBB2789561,order_id,3499.0,GW-OTHER,Y,sku-4B6D1659BB,Pulse 2 True Wireless Earbuds,agent-CE76EFF670,Logistics,Logistics,helpdesk,confirmed,Confirmed,Refund + replacement recorded on same ticket,refund amount and replacement_issued=Y on same ticket,structured field + agent note,True,quoted on ticket,True,,1820
case-E50871D1BC,2025-10-26 19:02:00,2025-10,2025Q4,customer-22EEE6B43F,order-8740DFB7FC,order-8740DFB7FC,order_id,1999.0,GW-OTHER,Y,sku-25C24EEA39,Pulse True Wireless Earbuds,agent-F4A0834255,Chat Frontline,Chat Frontline,helpdesk,confirmed,Confirmed,Refund + replacement recorded on same ticket,refund amount and replacement_issued=Y on same ticket,structured field + agent note,False,quoted on ticket,True,,1460
case-896B36F8B6,2025-10-27 20:02:00,2025-10,2025Q4,customer-A102216E3F,order-DB8A3D7FDA,order-DB8A3D7FDA,order_id,1799.0,GW-OTHER,Y,sku-78E801A36D,AirLite Earbuds,agent-CE76EFF670,Logistics,Logistics,helpdesk,confirmed,Confirmed,Refund + replacement recorded on same ticket,refund amount and replacement_issued=Y on same ticket,structured field + agent note,False,quoted on ticket,True,,1100
case-4C9AA1498D,2025-11-09 12:18:00,2025-11,2025Q4,customer-0695B19168,order-C43D54FF3F,order-C43D54FF3F,fallback_cust_sku,2249.0,DOA-REPL,Y,sku-25C24EEA39,Pulse True Wireless Earbuds,agent-CE76EFF670,Logistics,Logistics,helpdesk,confirmed,Confirmed,Refund + replacement recorded on same ticket,refund amount and replacement_issued=Y on same ticket,structured field,False,inferred (customer+SKU),False,,1460
case-928DD7D775,2025-11-09 21:52:00,2025-11,2025Q4,customer-8E46371539,order-B0E348851A,order-B0E348851A,fallback_cust_sku,6499.0,GW-OTHER,Y,sku-7D5C409757,Nexa 2 Smartwatch,agent-74E8D5BD49,Logistics,Logistics,helpdesk,confirmed,Confirmed,Refund + replacement recorded on same ticket,refund amount and replacement_issued=Y on same ticket,structured field + agent note,False,inferred (customer+SKU),True,,2790
case-D42CE0F3F1,2025-11-10 21:56:00,2025-11,2025Q4,customer-3273DE823D,order-546402ECBF,order-546402ECBF,fallback_cust_sku,5949.0,GW-OTHER,Y,sku-01786EAD00,Strata 3 Over-Ear Headphones,agent-CE76EFF670,Logistics,Logistics,helpdesk,confirmed,Confirmed,Refund + replacement recorded on same ticket,refund amount and replacement_issued=Y on same ticket,structured field + agent note,False,inferred (customer+SKU),True,,2990
case-E1A6B6AC2D,2025-11-11 17:43:00,2025-11,2025Q4,customer-039032BB17,order-951468DB3C,order-951468DB3C,order_id,3999.0,WTY-BUYBACK,Y,sku-1D523A6F85,Strata 2 Over-Ear Headphones,agent-CE76EFF670,Logistics,Logistics,helpdesk,confirmed,Confirmed,Refund + replacement recorded on same ticket,refund amount and replacement_issued=Y on same ticket,structured field + agent note,False,quoted on ticket,True,,2440
case-20B0D6BC94,2025-11-12 12:20:00,2025-11,2025Q4,customer-70874B0F39,order-7FD3E34B2E,order-7FD3E34B2E,fallback_cust_sku,3324.0,GW-OTHER,Y,sku-4B6D1659BB,Pulse 2 True Wireless Earbuds,agent-333BBC740C,Voice Frontline,Voice Frontline,helpdesk,confirmed,Confirmed,Refund + replacement recorded on same ticket,refund amount and replacement_issued=Y on same ticket,structured field + agent note,False,inferred (customer+SKU),True,,1820
case-679635EF9F,2025-11-16 10:32:00,2025-11,2025Q4,customer-8E1103EFB4,order-84D1B192F5,order-84D1B192F5,fallback_cust_sku,1599.0,GW-OTHER,Y,sku-21A83778E7,Nexa Fit Band,agent-1CD1933598,Escalations & Warranty,Escalations & Warranty,helpdesk,confirmed,Confirmed,Refund + replacement recorded on same ticket,refund amount and replacement_issued=Y on same ticket,structured field + agent note,False,inferred (customer+SKU),True,,1190
case-D2A833B5E9,2025-11-16 12:52:00,2025-11,2025Q4,customer-9042ED0BC2,order-4E5E40107D,order-4E5E40107D,fallback_cust_sku,2499.0,GW-OTHER,Y,sku-25C24EEA39,Pulse True Wireless Earbuds,agent-CE76EFF670,Logistics,Logistics,helpdesk,confirmed,Confirmed,Refund + replacement recorded on same ticket,refund amount and replacement_issued=Y on same ticket,structured field + agent note,False,inferred (customer+SKU),True,,1460
case-22B9ED59D3,2025-11-20 18:31:00,2025-11,2025Q4,customer-637345D1E8,order-85C39591B3,order-85C39591B3,order_id,2499.0,GW-OTHER,Y,sku-25C24EEA39,Pulse True Wireless Earbuds,agent-266DE49821,Returns Desk,Returns Desk,helpdesk,confirmed,Confirmed,Refund + replacement recorded on same ticket,refund amount and replacement_issued=Y on same ticket,structured field + agent note,True,quoted on ticket,True,,1460
case-35EA481AC8,2025-11-20 23:53:00,2025-11,2025Q4,customer-F2C23AE8B5,order-3280F7184E,order-3280F7184E,fallback_cust_sku,13998.0,DOA-REPL,Y,sku-01786EAD00,Strata 3 Over-Ear Headphones,agent-3A17F69C28,Email Frontline,Email Frontline,helpdesk,confirmed,Confirmed,Refund + replacement recorded on same ticket,refund amount and replacement_issued=Y on same ticket,structured field + agent note,False,inferred (customer+SKU),True,,2990
case-137292E511,2025-11-21 15:30:00,2025-11,2025Q4,customer-CF8948730A,order-DC73A70152,order-DC73A70152,order_id,2974.0,WTY-BUYBACK,Y,sku-4B6D1659BB,Pulse 2 True Wireless Earbuds,agent-CE76EFF670,Logistics,Logistics,helpdesk,confirmed,Confirmed,Refund + replacement recorded on same ticket,refund amount and replacement_issued=Y on same ticket,structured field + agent note,True,quoted on ticket,True,,1820
case-3754DDA158,2025-11-26 16:23:00,2025-11,2025Q4,customer-BC95BA30AE,order-8DA8148BEE,order-8DA8148BEE,fallback_cust_sku,1999.0,GW-OTHER,Y,sku-21A83778E7,Nexa Fit Band,agent-CE76EFF670,Logistics,Logistics,helpdesk,confirmed,Confirmed,Refund + replacement recorded on same ticket,refund amount and replacement_issued=Y on same ticket,structured field + agent note,False,inferred (customer+SKU),True,,1190
case-C7B7703326,2025-11-28 16:37:00,2025-11,2025Q4,customer-32BF2AB71B,order-8293185799,order-8293185799,order_id,1439.0,GW-OTHER,Y,sku-78E801A36D,AirLite Earbuds,agent-EFF9085572,Escalations & Warranty,Escalations & Warranty,helpdesk,confirmed,Confirmed,Refund + replacement recorded on same ticket,refund amount and replacement_issued=Y on same ticket,structured field + agent note,False,quoted on ticket,True,,1100
case-673421599D,2025-11-29 17:49:00,2025-11,2025Q4,customer-A29421AF8C,order-1905CD4E29,order-1905CD4E29,order_id,4999.0,GW-OTHER,Y,sku-1D523A6F85,Strata 2 Over-Ear Headphones,agent-266DE49821,Returns Desk,Returns Desk,helpdesk,confirmed,Confirmed,Refund + replacement recorded on same ticket,refund amount and replacement_issued=Y on same ticket,structured field + agent note,False,quoted on ticket,True,,2440
case-90B1E75F01,2025-12-07 19:25:00,2025-12,2025Q4,customer-8947657A37,order-EB4B6F6F8A,order-EB4B6F6F8A,order_id,1619.0,WTY-BUYBACK,Y,sku-78E801A36D,AirLite Earbuds,agent-2C389F865D,Voice Frontline,Voice Frontline,helpdesk,confirmed,Confirmed,Refund + replacement recorded on same ticket,refund amount and replacement_issued=Y on same ticket,structured field + agent note,False,quoted on ticket,True,,1100
case-A92B609073,2025-12-07 21:39:00,2025-12,2025Q4,customer-4E2BF840A0,order-7F919B3C04,order-7F919B3C04,fallback_cust_sku,6299.0,GW-OTHER,Y,sku-01786EAD00,Strata 3 Over-Ear Headphones,agent-8186D4526C,Chat Frontline,Voice Frontline,helpdesk,confirmed,Confirmed,Refund + replacement recorded on same ticket,refund amount and replacement_issued=Y on same ticket,structured field + agent note,False,inferred (customer+SKU),True,,2990
case-992BFF9EEC,2025-12-08 11:25:00,2025-12,2025Q4,customer-824D33260B,order-8688547FBF,order-8688547FBF,order_id,3499.0,GW-OTHER,Y,sku-4B6D1659BB,Pulse 2 True Wireless Earbuds,agent-C48C9AEC6C,Returns Desk,Returns Desk,helpdesk,confirmed,Confirmed,Refund + replacement recorded on same ticket,refund amount and replacement_issued=Y on same ticket,structured field + agent note,False,quoted on ticket,True,,1820
case-4A6238904C,2025-12-08 12:37:00,2025-12,2025Q4,customer-43F1D8CC92,order-8204F1B89F,order-8204F1B89F,order_id,6499.0,GW-OTHER,Y,sku-7D5C409757,Nexa 2 Smartwatch,agent-867063819F,Chat Frontline,Chat Frontline,helpdesk,confirmed,Confirmed,Refund + replacement recorded on same ticket,refund amount and replacement_issued=Y on same ticket,structured field + agent note,False,quoted on ticket,True,,2790
case-D02A176AF1,2025-12-09 08:37:00,2025-12,2025Q4,customer-A27DDE87E9,order-F1F92298C1,order-F1F92298C1,fallback_cust_sku,2499.0,GW-OTHER,Y,sku-3AEE721165,Orbit Mini Speaker,agent-8DC899E1C3,Voice Frontline,Voice Frontline,helpdesk,confirmed,Confirmed,Refund + replacement recorded on same ticket,refund amount and replacement_issued=Y on same ticket,structured field + agent note,False,inferred (customer+SKU),True,,1320
case-42DD241926,2025-12-11 10:36:00,2025-12,2025Q4,customer-DFA1B93F69,order-621E67234B,order-621E67234B,order_id,3499.0,GW-OTHER,Y,sku-4B6D1659BB,Pulse 2 True Wireless Earbuds,agent-E8307FEA53,Email Frontline,Email Frontline,helpdesk,confirmed,Confirmed,Refund + replacement recorded on same ticket,refund amount and replacement_issued=Y on same ticket,structured field + agent note,False,quoted on ticket,True,,1820
case-425046A9F1,2025-12-16 20:42:00,2025-12,2025Q4,customer-FD480312DE,order-73F9A6AB71,order-73F9A6AB71,order_id,2499.0,GW-OTHER,Y,sku-25C24EEA39,Pulse True Wireless Earbuds,agent-2C389F865D,Voice Frontline,Voice Frontline,helpdesk,confirmed,Confirmed,Refund + replacement recorded on same ticket,refund amount and replacement_issued=Y on same ticket,structured field + agent note,False,quoted on ticket,True,,1460
case-9981758AC0,2025-12-19 07:48:00,2025-12,2025Q4,customer-B39A9CE245,order-CF5A902593,order-CF5A902593,order_id,3324.0,WTY-BUYBACK,Y,sku-4B6D1659BB,Pulse 2 True Wireless Earbuds,agent-867063819F,Chat Frontline,Chat Frontline,helpdesk,confirmed,Confirmed,Refund + replacement recorded on same ticket,refund amount and replacement_issued=Y on same ticket,structured field + agent note,False,quoted on ticket,True,,1820
case-ADEB712399,2025-12-22 05:51:00,2025-12,2025Q4,customer-8836815CD2,order-81D637CFDA,order-81D637CFDA,fallback_cust_sku,3499.0,DOA-REPL,Y,sku-4B6D1659BB,Pulse 2 True Wireless Earbuds,agent-74E8D5BD49,Logistics,Logistics,helpdesk,confirmed,Confirmed,Refund + replacement recorded on same ticket,refund amount and replacement_issued=Y on same ticket,structured field + agent note,True,inferred (customer+SKU),True,,1820
case-3449923BDC,2025-12-24 18:11:00,2025-12,2025Q4,customer-3DC83BE435,order-9A7A55EBBB,order-9A7A55EBBB,order_id,2799.0,GW-OTHER,Y,sku-4B6D1659BB,Pulse 2 True Wireless Earbuds,agent-FD8B6215AA,Chat Frontline,Chat Frontline,helpdesk,confirmed,Confirmed,Refund + replacement recorded on same ticket,refund amount and replacement_issued=Y on same ticket,structured field + agent note,False,quoted on ticket,True,,1820
case-BB8AFF9E08,2025-12-24 20:55:00,2025-12,2025Q4,customer-DA8042700C,order-32BF34D8C8,order-32BF34D8C8,fallback_cust_sku,6499.0,GW-OTHER,Y,sku-7D5C409757,Nexa 2 Smartwatch,agent-25CFA1B7B8,Chat Frontline,Chat Frontline,helpdesk,confirmed,Confirmed,Refund + replacement recorded on same ticket,refund amount and replacement_issued=Y on same ticket,structured field + agent note,True,inferred (customer+SKU),True,,2790
case-D544D63D2F,2025-12-25 21:58:00,2025-12,2025Q4,customer-BDC3168ABD,,,unmatched,6999.0,DOA-REPL,Y,sku-01786EAD00,Strata 3 Over-Ear Headphones,agent-8186D4526C,Chat Frontline,Email Frontline,helpdesk,confirmed,Confirmed,Refund + replacement recorded on same ticket,refund amount and replacement_issued=Y on same ticket,structured field + agent note,False,none,True,,2990
case-F3385398F9,2026-01-01 13:40:00,2026-01,2026Q1,customer-B5CD5264AC,order-CBE9F6B9FA,order-CBE9F6B9FA,fallback_cust_sku,2499.0,GW-OTHER,Y,sku-25C24EEA39,Pulse True Wireless Earbuds,agent-4458F7DBB1,Logistics,Logistics,helpdesk,confirmed,Confirmed,Refund + replacement recorded on same ticket,refund amount and replacement_issued=Y on same ticket,structured field + agent note,False,inferred (customer+SKU),True,,1460
case-1B63145103,2026-01-03 19:01:00,2026-01,2026Q1,customer-4D5C7244E4,order-59A6BBF421,order-59A6BBF421,fallback_cust_sku,3149.0,WTY-BUYBACK,Y,sku-4B6D1659BB,Pulse 2 True Wireless Earbuds,agent-CAD0283874,Email Frontline,Email Frontline,helpdesk,confirmed,Confirmed,Refund + replacement recorded on same ticket,refund amount and replacement_issued=Y on same ticket,structured field + agent note,False,inferred (customer+SKU),True,,1820
case-A75BFA90CC,2026-01-04 10:29:00,2026-01,2026Q1,customer-C2E0DAA0FD,order-DFD377E938,order-DFD377E938,order_id,2974.0,GW-OTHER,Y,sku-4B6D1659BB,Pulse 2 True Wireless Earbuds,agent-FD8B6215AA,Chat Frontline,Chat Frontline,helpdesk,confirmed,Confirmed,Refund + replacement recorded on same ticket,refund amount and replacement_issued=Y on same ticket,structured field + agent note,False,quoted on ticket,True,,1820
case-5E6F57CE51,2026-01-08 17:13:00,2026-01,2026Q1,customer-8D874799C6,order-1A7B44658C,order-1A7B44658C,order_id,3499.0,WTY-BUYBACK,Y,sku-4B6D1659BB,Pulse 2 True Wireless Earbuds,agent-12C1E04FFA,Chat Frontline,Email Frontline,helpdesk,confirmed,Confirmed,Refund + replacement recorded on same ticket,refund amount and replacement_issued=Y on same ticket,structured field + agent note,False,quoted on ticket,True,,1820
case-C5200F0528,2026-01-14 17:04:00,2026-01,2026Q1,customer-68CD5218A1,order-37ECD7F783,order-37ECD7F783,fallback_cust_sku,1999.0,GW-OTHER,Y,sku-25C24EEA39,Pulse True Wireless Earbuds,agent-CAD0283874,Email Frontline,Email Frontline,helpdesk,confirmed,Confirmed,Refund + replacement recorded on same ticket,refund amount and replacement_issued=Y on same ticket,structured field + agent note,False,inferred (customer+SKU),True,,1460
case-FEE5A014C5,2026-01-14 21:41:00,2026-01,2026Q1,customer-30D70190F0,order-008C8ECD08,order-008C8ECD08,fallback_cust_sku,2499.0,GW-OTHER,Y,sku-25C24EEA39,Pulse True Wireless Earbuds,agent-74E8D5BD49,Logistics,Logistics,helpdesk,confirmed,Confirmed,Refund + replacement recorded on same ticket,refund amount and replacement_issued=Y on same ticket,structured field + agent note,False,inferred (customer+SKU),True,,1460
case-2B98EBBDDE,2026-01-15 17:59:00,2026-01,2026Q1,customer-8B3C17A1A8,order-8A3F23DB90,order-8A3F23DB90,order_id,5399.0,GW-OTHER,Y,sku-CE854858DB,Orbit Smart Speaker,agent-CE76EFF670,Logistics,Logistics,helpdesk,confirmed,Confirmed,Refund + replacement recorded on same ticket,refund amount and replacement_issued=Y on same ticket,structured field + agent note,False,quoted on ticket,True,,2640
case-D1E9F1EAF7,2026-01-20 15:36:00,2026-01,2026Q1,customer-CA37C12548,order-90B07AC679,order-90B07AC679,fallback_cust_sku,2799.0,GW-OTHER,Y,sku-4B6D1659BB,Pulse 2 True Wireless Earbuds,agent-C2250AB9A2,Chat Frontline,Chat Frontline,helpdesk,confirmed,Confirmed,Refund + replacement recorded on same ticket,refund amount and replacement_issued=Y on same ticket,structured field + agent note,False,inferred (customer+SKU),True,,1820
case-A2A416EC86,2026-01-21 18:40:00,2026-01,2026Q1,customer-A2474BEB39,order-A4723475D7,order-A4723475D7,order_id,3499.0,GW-OTHER,Y,sku-4B6D1659BB,Pulse 2 True Wireless Earbuds,agent-CAD0283874,Email Frontline,Email Frontline,helpdesk,confirmed,Confirmed,Refund + replacement recorded on same ticket,refund amount and replacement_issued=Y on same ticket,structured field + agent note,False,quoted on ticket,True,,1820
case-AE4D444FEE,2026-01-21 20:39:00,2026-01,2026Q1,customer-8B251C5FDE,order-FAB2212293,order-FAB2212293,order_id,1999.0,DOA-REPL,Y,sku-25C24EEA39,Pulse True Wireless Earbuds,agent-C4DAB22796,Chat Frontline,Chat Frontline,helpdesk,confirmed,Confirmed,Refund + replacement recorded on same ticket,refund amount and replacement_issued=Y on same ticket,structured field + agent note,False,quoted on ticket,True,,1460
case-9E65E7BCBB,2026-01-23 22:40:00,2026-01,2026Q1,customer-ABADC7B86B,order-C02D90187B,order-C02D90187B,order_id,5524.0,DOA-REPL,Y,sku-7D5C409757,Nexa 2 Smartwatch,agent-6FE707AC1C,Chat Frontline,Email Frontline,helpdesk,confirmed,Confirmed,Refund + replacement recorded on same ticket,refund amount and replacement_issued=Y on same ticket,structured field + agent note,False,quoted on ticket,True,,2790
case-5C478253EE,2026-02-02 19:32:00,2026-02,2026Q1,customer-C19702AECE,order-9E51731B20,order-9E51731B20,order_id,1299.0,GW-OTHER,Y,sku-F1B9683B2B,Pulse Charging Case (spare),agent-1D9D0979BF,Billing,Billing,helpdesk,confirmed,Confirmed,Refund + replacement recorded on same ticket,refund amount and replacement_issued=Y on same ticket,structured field + agent note,False,quoted on ticket,True,,960
case-F34096D5BB,2026-02-03 09:05:00,2026-02,2026Q1,customer-93217661CC,order-074E557925,order-074E557925,order_id,3149.0,GW-OTHER,Y,sku-4B6D1659BB,Pulse 2 True Wireless Earbuds,agent-CAD0283874,Email Frontline,Email Frontline,helpdesk,confirmed,Confirmed,Refund + replacement recorded on same ticket,refund amount and replacement_issued=Y on same ticket,structured field + agent note,True,quoted on ticket,True,,1820
case-3A97C8DCC6,2026-02-04 07:02:00,2026-02,2026Q1,customer-881EB08963,order-6C14167891,order-6C14167891,order_id,3324.0,DOA-REPL,Y,sku-4B6D1659BB,Pulse 2 True Wireless Earbuds,agent-8D2E651818,Chat Frontline,Chat Frontline,helpdesk,confirmed,Confirmed,Refund + replacement recorded on same ticket,refund amount and replacement_issued=Y on same ticket,structured field + agent note,False,quoted on ticket,True,,1820
case-F1E8AC1528,2026-02-04 11:21:00,2026-02,2026Q1,customer-A7B7FC4435,order-8E4F5FBEE6,order-8E4F5FBEE6,fallback_cust_sku,3499.0,DOA-REPL,Y,sku-4B6D1659BB,Pulse 2 True Wireless Earbuds,agent-867063819F,Chat Frontline,Chat Frontline,helpdesk,confirmed,Confirmed,Refund + replacement recorded on same ticket,refund amount and replacement_issued=Y on same ticket,structured field + agent note,False,inferred (customer+SKU),True,,1820
case-035C050745,2026-02-08 19:09:00,2026-02,2026Q1,customer-CB4D969BF7,order-EB8EA361BC,order-EB8EA361BC,fallback_cust_sku,3324.0,WTY-BUYBACK,Y,sku-4B6D1659BB,Pulse 2 True Wireless Earbuds,agent-4458F7DBB1,Logistics,Logistics,helpdesk,confirmed,Confirmed,Refund + replacement recorded on same ticket,refund amount and replacement_issued=Y on same ticket,structured field + agent note,False,inferred (customer+SKU),True,,1820
case-93C6B42AAA,2026-02-09 20:34:00,2026-02,2026Q1,customer-39D3D61A4E,order-F2FD43D729,order-F2FD43D729,fallback_cust_sku,3324.0,GW-OTHER,Y,sku-4B6D1659BB,Pulse 2 True Wireless Earbuds,agent-C4DAB22796,Chat Frontline,Chat Frontline,helpdesk,confirmed,Confirmed,Refund + replacement recorded on same ticket,refund amount and replacement_issued=Y on same ticket,structured field + agent note,False,inferred (customer+SKU),True,,1820
case-2B38EDFA4A,2026-02-16 16:09:00,2026-02,2026Q1,customer-80D37AE190,order-DA34CD716E,order-DA34CD716E,fallback_cust_sku,5524.0,DOA-REPL,Y,sku-7D5C409757,Nexa 2 Smartwatch,agent-8DD1B16EC9,Returns Desk,Returns Desk,helpdesk,confirmed,Confirmed,Refund + replacement recorded on same ticket,refund amount and replacement_issued=Y on same ticket,structured field + agent note,False,inferred (customer+SKU),True,,2790
case-74BFC4EE7C,2026-02-19 18:38:00,2026-02,2026Q1,customer-094309BA3A,order-F5002761ED,order-F5002761ED,order_id,1999.0,GW-OTHER,Y,sku-25C24EEA39,Pulse True Wireless Earbuds,agent-2C389F865D,Voice Frontline,Voice Frontline,helpdesk,confirmed,Confirmed,Refund + replacement recorded on same ticket,refund amount and replacement_issued=Y on same ticket,structured field + agent note,False,quoted on ticket,True,,1460
case-9C3AD515BA,2026-02-19 22:49:00,2026-02,2026Q1,customer-A59BAA4BF2,order-234B204390,order-234B204390,order_id,3149.0,GW-OTHER,Y,sku-4B6D1659BB,Pulse 2 True Wireless Earbuds,agent-3A17F69C28,Email Frontline,Chat Frontline,helpdesk,confirmed,Confirmed,Refund + replacement recorded on same ticket,refund amount and replacement_issued=Y on same ticket,structured field + agent note,False,quoted on ticket,True,,1820
case-A0A3C088C8,2026-02-23 20:42:00,2026-02,2026Q1,customer-04D144D8F4,order-FCC6F1F219,order-FCC6F1F219,fallback_cust_sku,1439.0,GW-OTHER,Y,sku-78E801A36D,AirLite Earbuds,agent-C4DAB22796,Chat Frontline,Chat Frontline,helpdesk,confirmed,Confirmed,Refund + replacement recorded on same ticket,refund amount and replacement_issued=Y on same ticket,structured field + agent note,False,inferred (customer+SKU),True,,1100
case-B5B26D2E3D,2026-02-26 10:12:00,2026-02,2026Q1,customer-5A59F7E845,order-2805D24706,order-2805D24706,order_id,319.0,DOA-REPL,Y,sku-52390C68FD,USB-C Braided Cable,agent-E8307FEA53,Email Frontline,Email Frontline,helpdesk,confirmed,Confirmed,Refund + replacement recorded on same ticket,refund amount and replacement_issued=Y on same ticket,structured field + agent note,False,quoted on ticket,True,,430
case-B163DF0DAA,2026-02-27 14:27:00,2026-02,2026Q1,customer-4D20A347DF,order-ED8E3800E9,order-ED8E3800E9,fallback_cust_sku,1699.0,GW-OTHER,Y,sku-21A83778E7,Nexa Fit Band,agent-2C389F865D,Voice Frontline,Voice Frontline,helpdesk,confirmed,Confirmed,Refund + replacement recorded on same ticket,refund amount and replacement_issued=Y on same ticket,structured field + agent note,False,inferred (customer+SKU),True,,1190
case-1783901665,2026-03-01 14:47:00,2026-03,2026Q1,customer-751044F65E,order-34CA2D95FF,order-34CA2D95FF,fallback_cust_sku,1799.0,DOA-REPL,Y,sku-78E801A36D,AirLite Earbuds,agent-12C1E04FFA,Chat Frontline,Email Frontline,helpdesk,confirmed,Confirmed,Refund + replacement recorded on same ticket,refund amount and replacement_issued=Y on same ticket,structured field + agent note,False,inferred (customer+SKU),True,,1100
case-269E5AE9C7,2026-03-01 20:06:00,2026-03,2026Q1,customer-B972E70877,order-82FB64FDF9,order-82FB64FDF9,order_id,2249.0,GW-OTHER,Y,sku-25C24EEA39,Pulse True Wireless Earbuds,agent-8D2E651818,Chat Frontline,Voice Frontline,helpdesk,confirmed,Confirmed,Refund + replacement recorded on same ticket,refund amount and replacement_issued=Y on same ticket,structured field + agent note,False,quoted on ticket,True,,1460
case-B4B4491B0A,2026-03-01 21:26:00,2026-03,2026Q1,customer-C866CF3967,order-C867836DA7,order-C867836DA7,fallback_cust_sku,1999.0,WTY-BUYBACK,Y,sku-3AEE721165,Orbit Mini Speaker,agent-CE76EFF670,Logistics,Logistics,helpdesk,confirmed,Confirmed,Refund + replacement recorded on same ticket,refund amount and replacement_issued=Y on same ticket,structured field + agent note,False,inferred (customer+SKU),True,,1320
case-8484D802B9,2026-03-05 21:41:00,2026-03,2026Q1,customer-DDC9EA8137,order-D032B22DFE,order-D032B22DFE,fallback_cust_sku,1999.0,DOA-REPL,Y,sku-25C24EEA39,Pulse True Wireless Earbuds,agent-3A17F69C28,Email Frontline,Chat Frontline,helpdesk,confirmed,Confirmed,Refund + replacement recorded on same ticket,refund amount and replacement_issued=Y on same ticket,structured field + agent note,False,inferred (customer+SKU),True,,1460
case-C2CEAD1A92,2026-03-06 08:56:00,2026-03,2026Q1,customer-D7C539A67D,order-2ED994AB8F,order-2ED994AB8F,order_id,1999.0,WTY-BUYBACK,Y,sku-21A83778E7,Nexa Fit Band,agent-74E8D5BD49,Logistics,Logistics,helpdesk,confirmed,Confirmed,Refund + replacement recorded on same ticket,refund amount and replacement_issued=Y on same ticket,structured field + agent note,False,quoted on ticket,True,,1190
case-F7374EDE39,2026-03-07 13:14:00,2026-03,2026Q1,customer-DFD28276B2,order-D1FC3104EE,order-D1FC3104EE,order_id,12348.0,GW-OTHER,Y,sku-7D5C409757,Nexa 2 Smartwatch,agent-EFF9085572,Escalations & Warranty,Escalations & Warranty,helpdesk,confirmed,Confirmed,Refund + replacement recorded on same ticket,refund amount and replacement_issued=Y on same ticket,structured field + agent note,True,quoted on ticket,True,,2790
case-B6CF367417,2026-03-11 06:44:00,2026-03,2026Q1,customer-478EEBADA4,order-700F2EA7F9,order-700F2EA7F9,fallback_cust_sku,3499.0,GW-OTHER,Y,sku-4B6D1659BB,Pulse 2 True Wireless Earbuds,agent-4458F7DBB1,Logistics,Logistics,helpdesk,confirmed,Confirmed,Refund + replacement recorded on same ticket,refund amount and replacement_issued=Y on same ticket,structured field + agent note,False,inferred (customer+SKU),True,,1820
case-09B92A150B,2026-03-11 10:25:00,2026-03,2026Q1,customer-DDAF13C923,order-C6C0CE9830,order-C6C0CE9830,order_id,3499.0,GW-OTHER,Y,sku-4B6D1659BB,Pulse 2 True Wireless Earbuds,agent-05E479EE73,Chat Frontline,Chat Frontline,helpdesk,confirmed,Confirmed,Refund + replacement recorded on same ticket,refund amount and replacement_issued=Y on same ticket,structured field + agent note,False,quoted on ticket,True,,1820
case-401E9B638A,2026-03-12 19:42:00,2026-03,2026Q1,customer-4CB480029F,order-5E111C61D6,order-5E111C61D6,order_id,6649.0,GW-OTHER,Y,sku-01786EAD00,Strata 3 Over-Ear Headphones,agent-F4A0834255,Chat Frontline,Chat Frontline,helpdesk,confirmed,Confirmed,Refund + replacement recorded on same ticket,refund amount and replacement_issued=Y on same ticket,structured field + agent note,False,quoted on ticket,True,,2990
case-B090D39297,2026-03-19 13:27:00,2026-03,2026Q1,customer-73A3C72C36,order-D74AD9265D,order-D74AD9265D,order_id,4999.0,GW-OTHER,Y,sku-DCFE0FA4B3,Nexa Smartwatch,agent-C4DAB22796,Chat Frontline,Chat Frontline,helpdesk,confirmed,Confirmed,Refund + replacement recorded on same ticket,refund amount and replacement_issued=Y on same ticket,structured field + agent note,False,quoted on ticket,True,,2240
case-ED694ACF3D,2026-03-20 08:56:00,2026-03,2026Q1,customer-BAC47B727C,order-A7AF9DA6D7,order-A7AF9DA6D7,fallback_cust_sku,1662.0,GW-OTHER,Y,sku-4B6D1659BB,Pulse 2 True Wireless Earbuds,agent-51B9A9155D,Logistics,Logistics,helpdesk,confirmed,Confirmed,Refund + replacement recorded on same ticket,refund amount and replacement_issued=Y on same ticket,structured field,False,inferred (customer+SKU),False,,1820
case-E763E38258,2026-03-21 10:47:00,2026-03,2026Q1,customer-4D61C39E12,order-8DA9216C02,order-8DA9216C02,order_id,1299.0,WTY-BUYBACK,Y,sku-97DA30AB66,Arc Neckband,agent-333BBC740C,Voice Frontline,Voice Frontline,helpdesk,confirmed,Confirmed,Refund + replacement recorded on same ticket,refund amount and replacement_issued=Y on same ticket,structured field + agent note,False,quoted on ticket,True,,880
case-9363F3F1F1,2026-03-23 13:12:00,2026-03,2026Q1,customer-5EE6A85D26,order-9BDE752BBD,order-9BDE752BBD,fallback_cust_sku,5599.0,GW-OTHER,Y,sku-01786EAD00,Strata 3 Over-Ear Headphones,agent-8D2E651818,Chat Frontline,Chat Frontline,helpdesk,confirmed,Confirmed,Refund + replacement recorded on same ticket,refund amount and replacement_issued=Y on same ticket,structured field + agent note,False,inferred (customer+SKU),True,,2990
case-EF3BE97BCB,2026-03-25 06:10:00,2026-03,2026Q1,customer-A5DC0BFEA1,order-CBF6AA670A,order-CBF6AA670A,fallback_cust_sku,1299.0,DOA-REPL,Y,sku-F1B9683B2B,Pulse Charging Case (spare),agent-51B9A9155D,Logistics,Logistics,helpdesk,confirmed,Confirmed,Refund + replacement recorded on same ticket,refund amount and replacement_issued=Y on same ticket,structured field + agent note,False,inferred (customer+SKU),True,,960
case-67D0E1EF48,2026-03-26 22:16:00,2026-03,2026Q1,customer-D5E8C9E849,order-F529648EDA,order-F529648EDA,order_id,3149.0,WTY-BUYBACK,Y,sku-4B6D1659BB,Pulse 2 True Wireless Earbuds,agent-12C1E04FFA,Chat Frontline,Chat Frontline,helpdesk,confirmed,Confirmed,Refund + replacement recorded on same ticket,refund amount and replacement_issued=Y on same ticket,structured field + agent note,False,quoted on ticket,True,,1820
case-82A75BC843,2026-03-27 23:16:00,2026-03,2026Q1,customer-5278A3FFA2,order-055EB3253B,order-055EB3253B,order_id,1299.0,WTY-BUYBACK,Y,sku-97DA30AB66,Arc Neckband,agent-20E7E3F166,Email Frontline,Chat Frontline,helpdesk,confirmed,Confirmed,Refund + replacement recorded on same ticket,refund amount and replacement_issued=Y on same ticket,structured field + agent note,False,quoted on ticket,True,,880
case-E274D93F05,2026-03-29 11:38:00,2026-03,2026Q1,customer-D610002A09,order-1C28242B3B,order-1C28242B3B,order_id,1299.0,GW-OTHER,Y,sku-97DA30AB66,Arc Neckband,agent-32566DEF47,Chat Frontline,Chat Frontline,helpdesk,confirmed,Confirmed,Refund + replacement recorded on same ticket,refund amount and replacement_issued=Y on same ticket,structured field + agent note,False,quoted on ticket,True,,880
case-BFE9EA2B34,2026-03-30 12:19:00,2026-03,2026Q1,customer-AF0E532E9B,order-7C9209925F,order-7C9209925F,order_id,3499.0,WTY-BUYBACK,Y,sku-4B6D1659BB,Pulse 2 True Wireless Earbuds,agent-CE76EFF670,Logistics,Logistics,helpdesk,confirmed,Confirmed,Refund + replacement recorded on same ticket,refund amount and replacement_issued=Y on same ticket,structured field + agent note,False,quoted on ticket,True,,1820
case-F83B6FF684,2026-03-31 17:31:00,2026-03,2026Q1,customer-67C3EF09D2,order-59E07E2C9F,order-59E07E2C9F,order_id,3499.0,GW-OTHER,Y,sku-4B6D1659BB,Pulse 2 True Wireless Earbuds,agent-C2250AB9A2,Chat Frontline,Chat Frontline,helpdesk,confirmed,Confirmed,Refund + replacement recorded on same ticket,refund amount and replacement_issued=Y on same ticket,structured field + agent note,False,quoted on ticket,True,,1820
case-75607A3F8F,2026-04-04 18:22:00,2026-04,2026Q2,customer-3EB26F6EC3,order-CE20C366F2,order-CE20C366F2,order_id,3499.0,GW-OTHER,Y,sku-4B6D1659BB,Pulse 2 True Wireless Earbuds,agent-CE76EFF670,Logistics,Logistics,helpdesk,confirmed,Confirmed,Refund + replacement recorded on same ticket,refund amount and replacement_issued=Y on same ticket,structured field + agent note,False,quoted on ticket,True,,1820
case-A494D76B31,2026-04-05 22:21:00,2026-04,2026Q2,customer-04D1277B97,order-A3E34C8492,order-A3E34C8492,order_id,3499.0,WTY-BUYBACK,Y,sku-4B6D1659BB,Pulse 2 True Wireless Earbuds,agent-20E7E3F166,Email Frontline,Email Frontline,helpdesk,confirmed,Confirmed,Refund + replacement recorded on same ticket,refund amount and replacement_issued=Y on same ticket,structured field + agent note,True,quoted on ticket,True,,1820
case-A302DD592B,2026-04-08 18:32:00,2026-04,2026Q2,customer-E76BF9AD7C,order-55FBA0CDB7,order-55FBA0CDB7,order_id,1799.0,DOA-REPL,Y,sku-78E801A36D,AirLite Earbuds,agent-CE76EFF670,Logistics,Logistics,helpdesk,confirmed,Confirmed,Refund + replacement recorded on same ticket,refund amount and replacement_issued=Y on same ticket,structured field + agent note,True,quoted on ticket,True,,1100
case-B7D2627F9A,2026-04-09 11:54:00,2026-04,2026Q2,customer-D1BD851089,order-7468D24961,order-7468D24961,order_id,6999.0,GW-OTHER,Y,sku-01786EAD00,Strata 3 Over-Ear Headphones,agent-51B9A9155D,Logistics,Logistics,helpdesk,confirmed,Confirmed,Refund + replacement recorded on same ticket,refund amount and replacement_issued=Y on same ticket,structured field + agent note,False,quoted on ticket,True,,2990
case-180541562B,2026-04-09 19:26:00,2026-04,2026Q2,customer-488401125B,order-19C6837B05,order-19C6837B05,order_id,2499.0,GW-OTHER,Y,sku-25C24EEA39,Pulse True Wireless Earbuds,agent-2E6CFE0BA4,Logistics,Logistics,helpdesk,confirmed,Confirmed,Refund + replacement recorded on same ticket,refund amount and replacement_issued=Y on same ticket,structured field + agent note,False,quoted on ticket,True,,1460
case-21BF34A2AF,2026-04-15 06:21:00,2026-04,2026Q2,customer-C8271C6DE0,order-DC5032D291,order-DC5032D291,fallback_cust_sku,2374.0,DOA-REPL,Y,sku-25C24EEA39,Pulse True Wireless Earbuds,agent-1D9D0979BF,Billing,Billing,helpdesk,confirmed,Confirmed,Refund + replacement recorded on same ticket,refund amount and replacement_issued=Y on same ticket,structured field + agent note,False,inferred (customer+SKU),True,,1460
case-F05011BF71,2026-04-26 08:47:00,2026-04,2026Q2,customer-99C767670E,order-19F4EBA283,order-19F4EBA283,order_id,2499.0,WTY-BUYBACK,Y,sku-3AEE721165,Orbit Mini Speaker,agent-32566DEF47,Chat Frontline,Chat Frontline,helpdesk,confirmed,Confirmed,Refund + replacement recorded on same ticket,refund amount and replacement_issued=Y on same ticket,structured field + agent note,False,quoted on ticket,True,,1320
case-786DCD01E8,2026-05-03 19:09:00,2026-05,2026Q2,customer-C04D8F545D,order-2AE4B804E8,order-2AE4B804E8,order_id,2499.0,GW-OTHER,Y,sku-3AEE721165,Orbit Mini Speaker,agent-2F36F831DB,Escalations & Warranty,Escalations & Warranty,helpdesk,confirmed,Confirmed,Refund + replacement recorded on same ticket,refund amount and replacement_issued=Y on same ticket,structured field + agent note,False,quoted on ticket,True,,1320
case-0EF5321002,2026-05-03 21:20:00,2026-05,2026Q2,customer-5ADA4E7E83,order-E968CA06D9,order-E968CA06D9,order_id,2799.0,GW-OTHER,Y,sku-4B6D1659BB,Pulse 2 True Wireless Earbuds,agent-CE76EFF670,Logistics,Logistics,helpdesk,confirmed,Confirmed,Refund + replacement recorded on same ticket,refund amount and replacement_issued=Y on same ticket,structured field,False,quoted on ticket,False,,1820
case-6221C7EF35,2026-05-04 21:35:00,2026-05,2026Q2,customer-592CA366E1,order-80E0EECAF3,order-80E0EECAF3,order_id,7998.0,GW-OTHER,Y,sku-1D523A6F85,Strata 2 Over-Ear Headphones,agent-25CFA1B7B8,Chat Frontline,Chat Frontline,helpdesk,confirmed,Confirmed,Refund + replacement recorded on same ticket,refund amount and replacement_issued=Y on same ticket,structured field + agent note,False,quoted on ticket,True,,2440
case-4C1293BCCC,2026-05-14 02:07:00,2026-05,2026Q2,customer-64C471A6A2,order-39DBC8AC91,order-39DBC8AC91,order_id,3499.0,WTY-BUYBACK,Y,sku-4B6D1659BB,Pulse 2 True Wireless Earbuds,agent-CE76EFF670,Logistics,Logistics,helpdesk,confirmed,Confirmed,Refund + replacement recorded on same ticket,refund amount and replacement_issued=Y on same ticket,structured field + agent note,False,quoted on ticket,True,,1820
case-97678100CE,2026-05-24 21:52:00,2026-05,2026Q2,customer-4804CA69AB,order-997E05ADDF,order-997E05ADDF,fallback_cust_sku,2124.0,GW-OTHER,Y,sku-3AEE721165,Orbit Mini Speaker,agent-20E7E3F166,Email Frontline,Chat Frontline,helpdesk,confirmed,Confirmed,Refund + replacement recorded on same ticket,refund amount and replacement_issued=Y on same ticket,structured field + agent note,False,inferred (customer+SKU),True,,1320
case-7FB67718EF,2026-05-25 00:12:00,2026-05,2026Q2,customer-6B39311EDF,order-A764EAB971,order-A764EAB971,fallback_cust_sku,2974.0,DOA-REPL,Y,sku-4B6D1659BB,Pulse 2 True Wireless Earbuds,agent-3A17F69C28,Email Frontline,Chat Frontline,helpdesk,confirmed,Confirmed,Refund + replacement recorded on same ticket,refund amount and replacement_issued=Y on same ticket,structured field + agent note,False,inferred (customer+SKU),True,,1820
case-E52F67D016,2026-05-29 21:12:00,2026-05,2026Q2,customer-814A375363,order-F0E0AB98EF,order-F0E0AB98EF,fallback_cust_sku,3499.0,WTY-BUYBACK,Y,sku-4B6D1659BB,Pulse 2 True Wireless Earbuds,agent-F4A0834255,Chat Frontline,Chat Frontline,helpdesk,confirmed,Confirmed,Refund + replacement recorded on same ticket,refund amount and replacement_issued=Y on same ticket,structured field + agent note,False,inferred (customer+SKU),True,,1820
case-562368E7FA,2026-05-31 09:25:00,2026-05,2026Q2,customer-7CDE7F8888,order-94A44CE1CB,order-94A44CE1CB,order_id,1999.0,GW-OTHER,Y,sku-21A83778E7,Nexa Fit Band,agent-266DE49821,Returns Desk,Escalations & Warranty,helpdesk,confirmed,Confirmed,Refund + replacement recorded on same ticket,refund amount and replacement_issued=Y on same ticket,structured field + agent note,False,quoted on ticket,True,,1190
case-AB4358EFD2,2026-05-31 18:24:00,2026-05,2026Q2,customer-720C08B453,order-F2238A7ED2,order-F2238A7ED2,order_id,4749.0,GW-OTHER,Y,sku-DCFE0FA4B3,Nexa Smartwatch,agent-1CD1933598,Escalations & Warranty,Escalations & Warranty,helpdesk,confirmed,Confirmed,Refund + replacement recorded on same ticket,refund amount and replacement_issued=Y on same ticket,structured field + agent note,False,quoted on ticket,True,,2240
case-9D75CC7DED,2026-06-01 11:12:00,2026-06,2026Q2,customer-C60B9DFADF,order-791070DD72,order-791070DD72,order_id,2974.0,GW-OTHER,Y,sku-4B6D1659BB,Pulse 2 True Wireless Earbuds,agent-30D746BC4C,Chat Frontline,Chat Frontline,helpdesk,confirmed,Confirmed,Refund + replacement recorded on same ticket,refund amount and replacement_issued=Y on same ticket,structured field + agent note,False,quoted on ticket,True,,1820
case-B6412EDAA6,2026-06-07 13:48:00,2026-06,2026Q2,customer-7A624757C6,order-45E5785225,order-45E5785225,order_id,2499.0,DOA-REPL,Y,sku-3AEE721165,Orbit Mini Speaker,agent-C48C9AEC6C,Returns Desk,Returns Desk,helpdesk,confirmed,Confirmed,Refund + replacement recorded on same ticket,refund amount and replacement_issued=Y on same ticket,structured field + agent note,False,quoted on ticket,True,,1320
case-6F51747B7C,2026-06-09 20:41:00,2026-06,2026Q2,customer-0206C56BF5,order-6FA332396D,order-6FA332396D,fallback_cust_sku,6499.0,DOA-REPL,Y,sku-7D5C409757,Nexa 2 Smartwatch,agent-FD8B6215AA,Chat Frontline,Chat Frontline,helpdesk,confirmed,Confirmed,Refund + replacement recorded on same ticket,refund amount and replacement_issued=Y on same ticket,structured field + agent note,False,inferred (customer+SKU),True,,2790
case-8D618CD7B1,2026-06-13 11:13:00,2026-06,2026Q2,customer-3102CF4973,order-DA9A877922,order-DA9A877922,order_id,6299.0,GW-OTHER,Y,sku-01786EAD00,Strata 3 Over-Ear Headphones,agent-2E6CFE0BA4,Logistics,Logistics,helpdesk,confirmed,Confirmed,Refund + replacement recorded on same ticket,refund amount and replacement_issued=Y on same ticket,structured field + agent note,False,quoted on ticket,True,,2990
case-636A4BDE5B,2026-06-15 20:17:00,2026-06,2026Q2,customer-CE3AED3A22,order-AD1EE3A787,order-AD1EE3A787,fallback_cust_sku,3149.0,GW-OTHER,Y,sku-4B6D1659BB,Pulse 2 True Wireless Earbuds,agent-6FE707AC1C,Chat Frontline,Email Frontline,helpdesk,confirmed,Confirmed,Refund + replacement recorded on same ticket,refund amount and replacement_issued=Y on same ticket,structured field + agent note,False,inferred (customer+SKU),True,,1820
case-93A49F80CB,2026-06-18 13:24:00,2026-06,2026Q2,customer-6F0DA159BD,order-1CCD8459F0,order-1CCD8459F0,fallback_cust_sku,2799.0,WTY-BUYBACK,Y,sku-4B6D1659BB,Pulse 2 True Wireless Earbuds,agent-EFF9085572,Escalations & Warranty,Escalations & Warranty,helpdesk,confirmed,Confirmed,Refund + replacement recorded on same ticket,refund amount and replacement_issued=Y on same ticket,structured field + agent note,False,inferred (customer+SKU),True,,1820
case-8F3E568F60,2026-06-20 09:48:00,2026-06,2026Q2,customer-FCC5136F35,order-0A0D91DBC0,order-0A0D91DBC0,order_id,6499.0,GW-OTHER,Y,sku-7D5C409757,Nexa 2 Smartwatch,agent-1CD1933598,Escalations & Warranty,Escalations & Warranty,helpdesk,confirmed,Confirmed,Refund + replacement recorded on same ticket,refund amount and replacement_issued=Y on same ticket,structured field + agent note,False,quoted on ticket,True,,2790
case-20143DA32B,2026-06-20 21:28:00,2026-06,2026Q2,customer-532680D9B5,order-5E081A31AB,order-5E081A31AB,order_id,1709.0,GW-OTHER,Y,sku-78E801A36D,AirLite Earbuds,agent-12C1E04FFA,Chat Frontline,Voice Frontline,helpdesk,confirmed,Confirmed,Refund + replacement recorded on same ticket,refund amount and replacement_issued=Y on same ticket,structured field + agent note,False,quoted on ticket,True,,1100
case-7312E30ACE,2026-06-21 13:23:00,2026-06,2026Q2,customer-4568DEC3FD,order-3D886EACC9,order-3D886EACC9,order_id,3324.0,DOA-REPL,Y,sku-4B6D1659BB,Pulse 2 True Wireless Earbuds,agent-32566DEF47,Chat Frontline,Chat Frontline,helpdesk,confirmed,Confirmed,Refund + replacement recorded on same ticket,refund amount and replacement_issued=Y on same ticket,structured field + agent note,False,quoted on ticket,True,,1820
case-3FABEDAF1C,2026-06-23 19:24:00,2026-06,2026Q2,customer-CD0F4E977C,order-A84C186232,order-A84C186232,fallback_cust_sku,1299.0,GW-OTHER,Y,sku-97DA30AB66,Arc Neckband,agent-E8307FEA53,Email Frontline,Chat Frontline,helpdesk,confirmed,Confirmed,Refund + replacement recorded on same ticket,refund amount and replacement_issued=Y on same ticket,structured field + agent note,False,inferred (customer+SKU),True,,880
case-5261109B06,2026-06-24 19:46:00,2026-06,2026Q2,customer-1B20E399A4,order-F781DE8EE6,order-F781DE8EE6,fallback_cust_sku,3149.0,GW-OTHER,Y,sku-4B6D1659BB,Pulse 2 True Wireless Earbuds,agent-25CFA1B7B8,Chat Frontline,Chat Frontline,helpdesk,confirmed,Confirmed,Refund + replacement recorded on same ticket,refund amount and replacement_issued=Y on same ticket,structured field + agent note,False,inferred (customer+SKU),True,,1820
case-81001EFDFD,2026-06-25 13:18:00,2026-06,2026Q2,customer-A5073B0283,order-D7ED48EBCE,order-D7ED48EBCE,fallback_cust_sku,1709.0,GW-OTHER,Y,sku-78E801A36D,AirLite Earbuds,agent-2913D1607A,Escalations & Warranty,Chat Frontline,helpdesk,confirmed,Confirmed,Refund + replacement recorded on same ticket,refund amount and replacement_issued=Y on same ticket,structured field + agent note,False,inferred (customer+SKU),True,,1100
case-7BDE16B7E2,2026-06-26 11:46:00,2026-06,2026Q2,customer-BCE18A6F50,order-46A21AA051,order-46A21AA051,order_id,1709.0,GW-OTHER,Y,sku-78E801A36D,AirLite Earbuds,agent-05E479EE73,Chat Frontline,Chat Frontline,helpdesk,confirmed,Confirmed,Refund + replacement recorded on same ticket,refund amount and replacement_issued=Y on same ticket,structured field + agent note,False,quoted on ticket,True,,1100
case-8C96A592FD,2026-06-28 18:14:00,2026-06,2026Q2,customer-74106AA957,order-F2B6A5EF71,order-F2B6A5EF71,order_id,3324.0,GW-OTHER,Y,sku-4B6D1659BB,Pulse 2 True Wireless Earbuds,agent-266DE49821,Returns Desk,Returns Desk,helpdesk,confirmed,Confirmed,Refund + replacement recorded on same ticket,refund amount and replacement_issued=Y on same ticket,structured field + agent note,False,quoted on ticket,True,,1820
case-084D74FA94,2026-06-28 20:32:00,2026-06,2026Q2,customer-B060625BBD,order-252508615B,order-252508615B,order_id,1699.0,GW-OTHER,Y,sku-21A83778E7,Nexa Fit Band,agent-2C389F865D,Voice Frontline,Voice Frontline,helpdesk,confirmed,Confirmed,Refund + replacement recorded on same ticket,refund amount and replacement_issued=Y on same ticket,structured field + agent note,False,quoted on ticket,True,,1190
case-525ABBD05E,2026-06-30 12:45:00,2026-06,2026Q2,customer-7C50D6217B,order-F83C317C42,order-F83C317C42,order_id,2124.0,GW-OTHER,Y,sku-25C24EEA39,Pulse True Wireless Earbuds,agent-05E479EE73,Chat Frontline,Chat Frontline,helpdesk,confirmed,Confirmed,Refund + replacement recorded on same ticket,refund amount and replacement_issued=Y on same ticket,structured field + agent note,False,quoted on ticket,True,,1460
case-C9F7E9EC5F,2025-01-03 11:42:00,2025-01,2025Q1,customer-DBD935AAB6,order-F7889B5464,order-F7889B5464,order_id,2499.0,GW-OTHER,N,sku-25C24EEA39,Pulse True Wireless Earbuds,agent-C48C9AEC6C,Returns Desk,Returns Desk,legacy_fd,likely,Likely,Note states refund and replacement both given,note states both remedies given; replacement_issued=N (text-only),agent note,False,quoted on ticket,True,,1460
case-F89E60BAB4,2025-01-18 13:14:00,2025-01,2025Q1,customer-C6E0255266,order-918B7BC2F6,order-918B7BC2F6,fallback_cust_sku,2499.0,GW-OTHER,N,sku-25C24EEA39,Pulse True Wireless Earbuds,agent-867063819F,Chat Frontline,Chat Frontline,legacy_fd,likely,Likely,Note states refund and replacement both given,note states both remedies given; replacement_issued=N (text-only),agent note,False,inferred (customer+SKU),True,,1460
case-45617F7158,2025-01-21 04:06:00,2025-01,2025Q1,customer-2103FD451E,,,unmatched,718.0,GW-OTHER,N,sku-52390C68FD,USB-C Braided Cable,agent-74E8D5BD49,Logistics,Logistics,legacy_fd,likely,Likely,Note states refund and replacement both given,note states both remedies given; replacement_issued=N (text-only),agent note,True,none,True,,430
case-8A0F16E036,2025-01-26 18:44:00,2025-01,2025Q1,customer-86D8951392,order-DC682EAE08,order-DC682EAE08,order_id,1799.0,GW-OTHER,N,sku-78E801A36D,AirLite Earbuds,agent-8186D4526C,Chat Frontline,Email Frontline,legacy_fd,likely,Likely,Note states refund and replacement both given,note states both remedies given; replacement_issued=N (text-only),agent note,False,quoted on ticket,True,,1100
case-6C08089D4D,2025-02-26 13:31:00,2025-02,2025Q1,customer-64F19A731B,order-0CF70EF7E2,order-0CF70EF7E2,order_id,6649.0,WTY-BUYBACK,N,sku-01786EAD00,Strata 3 Over-Ear Headphones,agent-266DE49821,Returns Desk,Returns Desk,helpdesk,likely,Likely,Note states refund and replacement both given,note states both remedies given; replacement_issued=N (text-only),agent note,False,quoted on ticket,True,,2990
case-2199BC033A,2025-02-27 18:00:00,2025-02,2025Q1,customer-603016087B,order-08106250B2,order-08106250B2,order_id,5599.0,DOA-REPL,N,sku-01786EAD00,Strata 3 Over-Ear Headphones,agent-2F36F831DB,Escalations & Warranty,Escalations & Warranty,legacy_fd,likely,Likely,Note states refund and replacement both given,note states both remedies given; replacement_issued=N (text-only),agent note,False,quoted on ticket,True,,2990
case-43973EC4EF,2025-03-01 07:11:00,2025-03,2025Q1,customer-1CDF26E0FD,order-42B967D851,order-42B967D851,order_id,4749.0,WTY-BUYBACK,N,sku-1D523A6F85,Strata 2 Over-Ear Headphones,agent-32566DEF47,Chat Frontline,Chat Frontline,legacy_fd,likely,Likely,Note states refund and replacement both given,note states both remedies given; replacement_issued=N (text-only),agent note,False,quoted on ticket,True,,2440
case-1F37B873C5,2025-03-05 12:42:00,2025-03,2025Q1,customer-7EA87C11D9,order-B6C531E103,order-B6C531E103,order_id,6999.0,DOA-REPL,N,sku-01786EAD00,Strata 3 Over-Ear Headphones,agent-51B9A9155D,Logistics,Logistics,legacy_fd,likely,Likely,Note states refund and replacement both given,note states both remedies given; replacement_issued=N (text-only),agent note,False,quoted on ticket,True,,2990
case-EC5DCD7B1B,2025-03-17 04:30:00,2025-03,2025Q1,customer-545D5BB297,order-1FAB3A7235,order-1FAB3A7235,order_id,2374.0,GW-OTHER,N,sku-3AEE721165,Orbit Mini Speaker,agent-20E7E3F166,Email Frontline,Returns Desk,legacy_fd,likely,Likely,Note states refund and replacement both given,note states both remedies given; replacement_issued=N (text-only),agent note,False,quoted on ticket,True,,1320
case-5189357356,2025-03-20 22:11:00,2025-03,2025Q1,customer-3C0B9659A1,order-1208784D24,order-1208784D24,fallback_cust_sku,2499.0,WTY-BUYBACK,N,sku-25C24EEA39,Pulse True Wireless Earbuds,agent-20E7E3F166,Email Frontline,Chat Frontline,legacy_fd,likely,Likely,Note states refund and replacement both given,note states both remedies given; replacement_issued=N (text-only),agent note,False,inferred (customer+SKU),True,,1460
case-799E937A89,2025-03-30 01:41:00,2025-03,2025Q1,customer-EA37E52AAB,order-F983289A0A,order-F983289A0A,fallback_cust_sku,1799.0,GW-OTHER,N,sku-78E801A36D,AirLite Earbuds,agent-8186D4526C,Chat Frontline,Chat Frontline,legacy_fd,likely,Likely,Note states refund and replacement both given,note states both remedies given; replacement_issued=N (text-only),agent note,False,inferred (customer+SKU),True,,1100
case-83940592D3,2025-04-06 15:38:00,2025-04,2025Q2,customer-A9BB4B42CA,order-B17DA9D8F1,order-B17DA9D8F1,fallback_cust_sku,5199.0,WTY-BUYBACK,N,sku-7D5C409757,Nexa 2 Smartwatch,agent-2913D1607A,Escalations & Warranty,Escalations & Warranty,helpdesk,likely,Likely,Note states refund and replacement both given,note states both remedies given; replacement_issued=N (text-only),agent note,False,inferred (customer+SKU),True,,2790
case-B3A2A176C2,2025-04-17 15:19:00,2025-04,2025Q2,customer-C268221F46,order-E666E0C576,order-E666E0C576,fallback_cust_sku,1799.0,GW-OTHER,N,sku-78E801A36D,AirLite Earbuds,agent-C4DAB22796,Chat Frontline,Chat Frontline,legacy_fd,likely,Likely,Note states refund and replacement both given,note states both remedies given; replacement_issued=N (text-only),agent note,False,inferred (customer+SKU),True,,1100
case-A5FBA45D30,2025-04-22 05:56:00,2025-04,2025Q2,customer-B4C0A65330,order-3B0B7F947E,order-3B0B7F947E,order_id,5524.0,GW-OTHER,N,sku-7D5C409757,Nexa 2 Smartwatch,agent-1CD1933598,Escalations & Warranty,Escalations & Warranty,legacy_fd,likely,Likely,Note states refund and replacement both given,note states both remedies given; replacement_issued=N (text-only),agent note,True,quoted on ticket,True,,2790
case-5C081542D1,2025-04-24 08:21:00,2025-04,2025Q2,customer-A7F47B3A90,order-65AC371C0E,order-65AC371C0E,order_id,5699.0,GW-OTHER,N,sku-CE854858DB,Orbit Smart Speaker,agent-4D3361BC6C,Billing,Billing,legacy_fd,likely,Likely,Note states refund and replacement both given,note states both remedies given; replacement_issued=N (text-only),agent note,False,quoted on ticket,True,,2640
case-D96D5F2606,2025-04-27 18:22:00,2025-04,2025Q2,customer-418B96C807,order-8DDD5914B7,order-8DDD5914B7,fallback_cust_sku,1699.0,GW-OTHER,N,sku-21A83778E7,Nexa Fit Band,agent-8DD1B16EC9,Returns Desk,Escalations & Warranty,legacy_fd,likely,Likely,Note states refund and replacement both given,note states both remedies given; replacement_issued=N (text-only),agent note,False,inferred (customer+SKU),True,,1190
case-54D086A9F8,2025-05-08 17:46:00,2025-05,2025Q2,customer-E1167DC68A,order-9A4FE137E2,order-9A4FE137E2,order_id,1299.0,DOA-REPL,N,sku-97DA30AB66,Arc Neckband,agent-C4DAB22796,Chat Frontline,Chat Frontline,legacy_fd,likely,Likely,Note states refund and replacement both given,note states both remedies given; replacement_issued=N (text-only),agent note,False,quoted on ticket,True,,880
case-1AC79DFC8E,2025-05-08 21:22:00,2025-05,2025Q2,customer-81118B308B,order-A6CE9D1D67,order-A6CE9D1D67,order_id,6999.0,GW-OTHER,N,sku-01786EAD00,Strata 3 Over-Ear Headphones,agent-B57F209F90,Billing,Voice Frontline,legacy_fd,likely,Likely,Note states refund and replacement both given,note states both remedies given; replacement_issued=N (text-only),agent note,False,quoted on ticket,True,,2990
case-013BDB4F3A,2025-05-13 11:34:00,2025-05,2025Q2,customer-FB1C90197F,order-B8B6F1BE0B,order-B8B6F1BE0B,order_id,8998.0,GW-OTHER,N,sku-1D523A6F85,Strata 2 Over-Ear Headphones,agent-CE76EFF670,Logistics,Logistics,legacy_fd,likely,Likely,Note states refund and replacement both given,note states both remedies given; replacement_issued=N (text-only),agent note,False,quoted on ticket,True,,2440
case-FC33F1D5C8,2025-05-19 15:58:00,2025-05,2025Q2,customer-E4BA4078E5,order-4D27A7C5A4,order-4D27A7C5A4,order_id,1529.0,GW-OTHER,N,sku-78E801A36D,AirLite Earbuds,agent-99D1C33C65,Chat Frontline,Chat Frontline,legacy_fd,likely,Likely,Note states refund and replacement both given,note states both remedies given; replacement_issued=N (text-only),agent note,False,quoted on ticket,True,,1100
case-61F693B787,2025-05-29 10:18:00,2025-05,2025Q2,customer-BA6A56E8F0,order-F5AD209B7B,order-F5AD209B7B,order_id,1899.0,WTY-BUYBACK,N,sku-21A83778E7,Nexa Fit Band,agent-1CD1933598,Escalations & Warranty,Escalations & Warranty,legacy_fd,likely,Likely,Note states refund and replacement both given,note states both remedies given; replacement_issued=N (text-only),agent note,False,quoted on ticket,True,,1190
case-C3993B3434,2025-05-29 13:02:00,2025-05,2025Q2,customer-BEC211C76F,order-9A46AA224A,order-9A46AA224A,fallback_cust_sku,1439.0,WTY-BUYBACK,N,sku-78E801A36D,AirLite Earbuds,agent-6FE707AC1C,Chat Frontline,Email Frontline,legacy_fd,likely,Likely,Note states refund and replacement both given,note states both remedies given; replacement_issued=N (text-only),agent note,False,inferred (customer+SKU),True,,1100
case-A33FD19A65,2025-06-01 15:51:00,2025-06,2025Q2,customer-DE5C61586D,order-2E58385DC7,order-2E58385DC7,order_id,10398.0,WTY-BUYBACK,N,sku-7D5C409757,Nexa 2 Smartwatch,agent-CE76EFF670,Logistics,Logistics,legacy_fd,likely,Likely,Note states refund and replacement both given,note states both remedies given; replacement_issued=N (text-only),agent note,False,quoted on ticket,True,,2790
case-7A346DA823,2025-06-05 18:21:00,2025-06,2025Q2,customer-6D8F8EC05B,order-A19E7AD37B,order-A19E7AD37B,order_id,4499.0,WTY-BUYBACK,N,sku-DCFE0FA4B3,Nexa Smartwatch,agent-2913D1607A,Escalations & Warranty,Escalations & Warranty,legacy_fd,likely,Likely,Note states refund and replacement both given,note states both remedies given; replacement_issued=N (text-only),agent note,True,quoted on ticket,True,,2240
case-2FE51D340D,2025-06-06 11:12:00,2025-06,2025Q2,customer-0361BE6EAD,order-264B7EA00C,order-264B7EA00C,order_id,5599.0,WTY-BUYBACK,N,sku-01786EAD00,Strata 3 Over-Ear Headphones,agent-4458F7DBB1,Logistics,Logistics,helpdesk,likely,Likely,Note states refund and replacement both given,note states both remedies given; replacement_issued=N (text-only),agent note,False,quoted on ticket,True,,2990
case-616B43322D,2025-06-07 16:34:00,2025-06,2025Q2,customer-5EEAEE2FA3,order-63846B65FB,order-63846B65FB,fallback_cust_sku,2499.0,DOA-REPL,N,sku-3AEE721165,Orbit Mini Speaker,agent-CAD0283874,Email Frontline,Email Frontline,legacy_fd,likely,Likely,Note states refund and replacement both given,note states both remedies given; replacement_issued=N (text-only),agent note,False,inferred (customer+SKU),True,,1320
case-BF1488BE9C,2025-06-09 12:11:00,2025-06,2025Q2,customer-29D6D105AF,order-D7CBA91798,order-D7CBA91798,order_id,2499.0,WTY-BUYBACK,N,sku-25C24EEA39,Pulse True Wireless Earbuds,agent-2E6CFE0BA4,Logistics,Logistics,legacy_fd,likely,Likely,Note states refund and replacement both given,note states both remedies given; replacement_issued=N (text-only),agent note,False,quoted on ticket,True,,1460
case-152B33D4E5,2025-06-10 17:34:00,2025-06,2025Q2,customer-3BF275C758,order-2EBD953D2F,order-2EBD953D2F,fallback_cust_sku,2499.0,GW-OTHER,N,sku-3AEE721165,Orbit Mini Speaker,agent-99D1C33C65,Chat Frontline,Chat Frontline,legacy_fd,likely,Likely,Note states refund and replacement both given,note states both remedies given; replacement_issued=N (text-only),agent note,False,inferred (customer+SKU),True,,1320
case-61D8D4DD6D,2025-06-10 19:33:00,2025-06,2025Q2,customer-2E1E2DF95E,order-E67F9AD9FA,order-E67F9AD9FA,order_id,1299.0,GW-OTHER,N,sku-97DA30AB66,Arc Neckband,agent-99D1C33C65,Chat Frontline,Chat Frontline,legacy_fd,likely,Likely,Note states refund and replacement both given,note states both remedies given; replacement_issued=N (text-only),agent note,False,quoted on ticket,True,,880
case-989C564DB8,2025-06-11 16:55:00,2025-06,2025Q2,customer-F03A1523F8,order-5756057B35,order-5756057B35,order_id,1599.0,DOA-REPL,N,sku-21A83778E7,Nexa Fit Band,agent-2913D1607A,Escalations & Warranty,Escalations & Warranty,legacy_fd,likely,Likely,Note states refund and replacement both given,note states both remedies given; replacement_issued=N (text-only),agent note,False,quoted on ticket,True,,1190
case-BC669AAE3B,2025-06-19 09:28:00,2025-06,2025Q2,customer-959BD65A0F,order-A5B11DA576,order-A5B11DA576,order_id,2124.0,DOA-REPL,N,sku-25C24EEA39,Pulse True Wireless Earbuds,agent-74E8D5BD49,Logistics,Logistics,legacy_fd,likely,Likely,Note states refund and replacement both given,note states both remedies given; replacement_issued=N (text-only),agent note,False,quoted on ticket,True,,1460
case-84018BFCD5,2025-06-19 21:32:00,2025-06,2025Q2,customer-0E34669921,order-3AB6FD5E74,order-3AB6FD5E74,fallback_cust_sku,6649.0,DOA-REPL,N,sku-01786EAD00,Strata 3 Over-Ear Headphones,agent-6FE707AC1C,Chat Frontline,Email Frontline,legacy_fd,likely,Likely,Note states refund and replacement both given,note states both remedies given; replacement_issued=N (text-only),agent note,False,inferred (customer+SKU),True,,2990
case-B0E32E49DE,2025-07-05 10:43:00,2025-07,2025Q3,customer-047B5809BB,order-568521BAF5,order-568521BAF5,order_id,6499.0,GW-OTHER,N,sku-7D5C409757,Nexa 2 Smartwatch,agent-4458F7DBB1,Logistics,Logistics,helpdesk,likely,Likely,Note states refund and replacement both given,note states both remedies given; replacement_issued=N (text-only),agent note,False,quoted on ticket,True,,2790
case-4F28E3343B,2025-07-07 20:18:00,2025-07,2025Q3,customer-9F1896D0F5,order-3E1E991FE0,order-3E1E991FE0,fallback_cust_sku,4499.0,GW-OTHER,N,sku-1D523A6F85,Strata 2 Over-Ear Headphones,agent-4BF6A29FD7,Email Frontline,Email Frontline,legacy_fd,likely,Likely,Note states refund and replacement both given,note states both remedies given; replacement_issued=N (text-only),agent note,False,inferred (customer+SKU),True,,2440
case-630005CF43,2025-07-13 19:00:00,2025-07,2025Q3,customer-87FBBDBB68,order-AFCB3C89F6,order-AFCB3C89F6,order_id,2499.0,GW-OTHER,N,sku-25C24EEA39,Pulse True Wireless Earbuds,agent-4458F7DBB1,Logistics,Logistics,legacy_fd,likely,Likely,Note states refund and replacement both given,note states both remedies given; replacement_issued=N (text-only),agent note,False,quoted on ticket,True,,1460
case-F2C2DD8837,2025-07-15 16:13:00,2025-07,2025Q3,customer-C3946E9247,order-A0A33D0930,order-A0A33D0930,order_id,1799.0,GW-OTHER,N,sku-78E801A36D,AirLite Earbuds,agent-2C389F865D,Voice Frontline,Voice Frontline,legacy_fd,likely,Likely,Note states refund and replacement both given,note states both remedies given; replacement_issued=N (text-only),agent note,False,quoted on ticket,True,,1100
case-D6BB0F23A1,2025-07-19 13:12:00,2025-07,2025Q3,customer-BE1A9615DE,order-E841F6513D,order-E841F6513D,fallback_cust_sku,1709.0,GW-OTHER,N,sku-78E801A36D,AirLite Earbuds,agent-32566DEF47,Chat Frontline,Chat Frontline,legacy_fd,likely,Likely,Note states refund and replacement both given,note states both remedies given; replacement_issued=N (text-only),agent note,True,inferred (customer+SKU),True,,1100
case-638C99E07B,2025-07-21 18:43:00,2025-07,2025Q3,customer-AF9D3BCDF0,order-95AE0C1A7D,order-95AE0C1A7D,fallback_cust_sku,1999.0,GW-OTHER,N,sku-21A83778E7,Nexa Fit Band,agent-51B9A9155D,Logistics,Logistics,legacy_fd,likely,Likely,Note states refund and replacement both given,note states both remedies given; replacement_issued=N (text-only),agent note,True,inferred (customer+SKU),True,,1190
case-67E5B5E9AB,2025-07-23 10:34:00,2025-07,2025Q3,customer-2134BCC0A4,order-E57A9B1DFC,order-E57A9B1DFC,fallback_cust_sku,4749.0,GW-OTHER,N,sku-DCFE0FA4B3,Nexa Smartwatch,agent-4458F7DBB1,Logistics,Logistics,legacy_fd,likely,Likely,Note states refund and replacement both given,note states both remedies given; replacement_issued=N (text-only),agent note,False,inferred (customer+SKU),True,,2240
case-14CA91789F,2025-07-23 16:52:00,2025-07,2025Q3,customer-2B09904108,order-462F7D472B,order-462F7D472B,order_id,2548.0,GW-OTHER,N,sku-F61459CA52,65W GaN Charger,agent-266DE49821,Returns Desk,Returns Desk,legacy_fd,likely,Likely,Note states refund and replacement both given,note states both remedies given; replacement_issued=N (text-only),agent note,False,quoted on ticket,True,,950
case-79C9894517,2025-07-24 11:52:00,2025-07,2025Q3,customer-C09CFC05FF,order-6B05FB406D,order-6B05FB406D,order_id,5849.0,WTY-BUYBACK,N,sku-7D5C409757,Nexa 2 Smartwatch,agent-EFF9085572,Escalations & Warranty,Escalations & Warranty,legacy_fd,likely,Likely,Note states refund and replacement both given,note states both remedies given; replacement_issued=N (text-only),agent note,False,quoted on ticket,True,,2790
case-A91DBC3225,2025-07-29 15:09:00,2025-07,2025Q3,customer-911128B500,order-A83FCACAA9,order-A83FCACAA9,order_id,4799.0,GW-OTHER,N,sku-CE854858DB,Orbit Smart Speaker,agent-CE76EFF670,Logistics,Logistics,helpdesk,likely,Likely,Note states refund and replacement both given,note states both remedies given; replacement_issued=N (text-only),agent note,False,quoted on ticket,True,,2640
case-DDBE1AA503,2025-08-06 13:12:00,2025-08,2025Q3,customer-6AF9EE6DC4,order-3227797C9C,order-3227797C9C,order_id,2799.0,GW-OTHER,N,sku-4B6D1659BB,Pulse 2 True Wireless Earbuds,agent-74E8D5BD49,Logistics,Logistics,legacy_fd,likely,Likely,Note states refund and replacement both given,note states both remedies given; replacement_issued=N (text-only),agent note,False,quoted on ticket,True,,1820
case-477C079F9A,2025-08-11 13:35:00,2025-08,2025Q3,customer-8B707BBC7A,order-7A1742E848,order-7A1742E848,fallback_cust_sku,1619.0,GW-OTHER,N,sku-78E801A36D,AirLite Earbuds,agent-8DD1B16EC9,Returns Desk,Returns Desk,legacy_fd,likely,Likely,Note states refund and replacement both given,note states both remedies given; replacement_issued=N (text-only),agent note,False,inferred (customer+SKU),True,,1100
case-A4178FEA7A,2025-08-15 18:01:00,2025-08,2025Q3,customer-10A1960C6E,order-D8354937CF,order-D8354937CF,order_id,5599.0,GW-OTHER,N,sku-01786EAD00,Strata 3 Over-Ear Headphones,agent-F4A0834255,Chat Frontline,Chat Frontline,legacy_fd,likely,Likely,Note states refund and replacement both given,note states both remedies given; replacement_issued=N (text-only),agent note,False,quoted on ticket,True,,2990
case-324F98AA52,2025-08-21 10:31:00,2025-08,2025Q3,customer-D76495A186,order-5A5A6DFF29,order-5A5A6DFF29,fallback_cust_sku,3499.0,GW-OTHER,N,sku-4B6D1659BB,Pulse 2 True Wireless Earbuds,agent-1CD1933598,Escalations & Warranty,Escalations & Warranty,legacy_fd,likely,Likely,Note states refund and replacement both given,note states both remedies given; replacement_issued=N (text-only),agent note,False,inferred (customer+SKU),True,,1820
case-EB497A70A0,2025-08-21 21:29:00,2025-08,2025Q3,customer-D5EA5072F2,order-15E4DECA89,order-15E4DECA89,order_id,2499.0,WTY-BUYBACK,N,sku-25C24EEA39,Pulse True Wireless Earbuds,agent-EFF9085572,Escalations & Warranty,Escalations & Warranty,legacy_fd,likely,Likely,Note states refund and replacement both given,note states both remedies given; replacement_issued=N (text-only),agent note,False,quoted on ticket,True,,1460
case-634AAD7E40,2025-08-23 10:13:00,2025-08,2025Q3,customer-041CDC8708,order-0348067FA5,order-0348067FA5,order_id,2799.0,GW-OTHER,N,sku-4B6D1659BB,Pulse 2 True Wireless Earbuds,agent-74E8D5BD49,Logistics,Logistics,helpdesk,likely,Likely,Note states refund and replacement both given,note states both remedies given; replacement_issued=N (text-only),agent note,False,quoted on ticket,True,,1820
case-4588034168,2025-08-28 15:58:00,2025-08,2025Q3,customer-79045FFF3E,order-E7594ABA74,order-E7594ABA74,order_id,1999.0,DOA-REPL,N,sku-21A83778E7,Nexa Fit Band,agent-2F36F831DB,Escalations & Warranty,Escalations & Warranty,legacy_fd,likely,Likely,Note states refund and replacement both given,note states both remedies given; replacement_issued=N (text-only),agent note,False,quoted on ticket,True,,1190
case-9BEA43B2E6,2025-09-04 10:20:00,2025-09,2025Q3,customer-0900D742F3,order-48D7FD01DC,order-48D7FD01DC,fallback_cust_sku,2799.0,GW-OTHER,N,sku-4B6D1659BB,Pulse 2 True Wireless Earbuds,agent-74E8D5BD49,Logistics,Logistics,legacy_fd,likely,Likely,Note states refund and replacement both given,note states both remedies given; replacement_issued=N (text-only),agent note,False,inferred (customer+SKU),True,,1820
case-C4285CB5FB,2025-09-05 07:29:00,2025-09,2025Q3,customer-13C4BE4514,order-A6DEBD738D,order-A6DEBD738D,order_id,3499.0,GW-OTHER,N,sku-4B6D1659BB,Pulse 2 True Wireless Earbuds,agent-1CD1933598,Escalations & Warranty,Escalations & Warranty,helpdesk,likely,Likely,Note states refund and replacement both given,note states both remedies given; replacement_issued=N (text-only),agent note,False,quoted on ticket,True,,1820
case-5C982C895D,2025-09-05 08:44:00,2025-09,2025Q3,customer-DAFB0FEF7C,order-33F20F855D,order-33F20F855D,fallback_cust_sku,1529.0,GW-OTHER,N,sku-78E801A36D,AirLite Earbuds,agent-8DC899E1C3,Voice Frontline,Voice Frontline,legacy_fd,likely,Likely,Note states refund and replacement both given,note states both remedies given; replacement_issued=N (text-only),agent note,False,inferred (customer+SKU),True,,1100
case-C952E4181B,2025-09-06 20:42:00,2025-09,2025Q3,customer-7C86E95148,order-3BB8CD82AE,order-3BB8CD82AE,fallback_cust_sku,1234.0,GW-OTHER,N,sku-97DA30AB66,Arc Neckband,agent-FD8B6215AA,Chat Frontline,Chat Frontline,legacy_fd,likely,Likely,Note states refund and replacement both given,note states both remedies given; replacement_issued=N (text-only),agent note,False,inferred (customer+SKU),True,,880
case-3CCE8FA443,2025-09-07 15:14:00,2025-09,2025Q3,customer-6DFBFDED66,order-BC306974DE,order-BC306974DE,order_id,6499.0,WTY-BUYBACK,N,sku-7D5C409757,Nexa 2 Smartwatch,agent-CE76EFF670,Logistics,Logistics,legacy_fd,likely,Likely,Note states refund and replacement both given,note states both remedies given; replacement_issued=N (text-only),agent note,False,quoted on ticket,True,,2790
case-A3B5CE6AD4,2025-09-10 22:22:00,2025-09,2025Q3,customer-D36CE4892A,order-1F45852C81,order-1F45852C81,order_id,2249.0,WTY-BUYBACK,N,sku-25C24EEA39,Pulse True Wireless Earbuds,agent-51B9A9155D,Logistics,Logistics,legacy_fd,likely,Likely,Note states refund and replacement both given,note states both remedies given; replacement_issued=N (text-only),agent note,False,quoted on ticket,True,,1460
case-B2A853F006,2025-09-14 14:33:00,2025-09,2025Q3,customer-B1436079B9,order-94478BF278,order-94478BF278,fallback_cust_sku,3499.0,WTY-BUYBACK,N,sku-4B6D1659BB,Pulse 2 True Wireless Earbuds,agent-0677E1B0C2,Chat Frontline,Chat Frontline,helpdesk,likely,Likely,Note states refund and replacement both given,note states both remedies given; replacement_issued=N (text-only),agent note,False,inferred (customer+SKU),True,,1820
case-5E5E8779FF,2025-09-14 23:14:00,2025-09,2025Q3,customer-AF03E83643,order-44D7D4436A,order-44D7D4436A,order_id,1799.0,GW-OTHER,N,sku-78E801A36D,AirLite Earbuds,agent-3A17F69C28,Email Frontline,Email Frontline,helpdesk,likely,Likely,Note states refund and replacement both given,note states both remedies given; replacement_issued=N (text-only),agent note,False,quoted on ticket,True,,1100
case-4B61397B1D,2025-09-21 20:11:00,2025-09,2025Q3,customer-B9DCC6AF7E,order-9E9E427CCA,order-9E9E427CCA,order_id,1439.0,DOA-REPL,N,sku-78E801A36D,AirLite Earbuds,agent-CAD0283874,Email Frontline,Email Frontline,helpdesk,likely,Likely,Note states refund and replacement both given,note states both remedies given; replacement_issued=N (text-only),agent note,False,quoted on ticket,True,,1100
case-9536CA933A,2025-09-23 14:27:00,2025-09,2025Q3,customer-EC6A25A511,order-F7517595E9,order-F7517595E9,fallback_cust_sku,6299.0,GW-OTHER,N,sku-01786EAD00,Strata 3 Over-Ear Headphones,agent-2C389F865D,Voice Frontline,Voice Frontline,helpdesk,likely,Likely,Note states refund and replacement both given,note states both remedies given; replacement_issued=N (text-only),agent note,False,inferred (customer+SKU),True,,2990
case-61C1C4CFA8,2025-09-24 20:52:00,2025-09,2025Q3,customer-C3638D5225,order-0E989D61ED,order-0E989D61ED,order_id,6999.0,GW-OTHER,N,sku-01786EAD00,Strata 3 Over-Ear Headphones,agent-4458F7DBB1,Logistics,Logistics,helpdesk,likely,Likely,Note states refund and replacement both given,note states both remedies given; replacement_issued=N (text-only),agent note,False,quoted on ticket,True,,2990
case-3782E6A6ED,2025-09-26 13:03:00,2025-09,2025Q3,customer-668666169B,order-55D9D054FD,order-55D9D054FD,order_id,4999.0,WTY-BUYBACK,N,sku-DCFE0FA4B3,Nexa Smartwatch,agent-EA257582BF,Escalations & Warranty,Escalations & Warranty,helpdesk,likely,Likely,Note states refund and replacement both given,note states both remedies given; replacement_issued=N (text-only),agent note,False,quoted on ticket,True,,2240
case-6605A1C786,2025-09-28 19:27:00,2025-09,2025Q3,customer-EA37E52AAB,order-14D65EF821,order-14D65EF821,fallback_cust_sku,6174.0,DOA-REPL,N,sku-7D5C409757,Nexa 2 Smartwatch,agent-1CD1933598,Escalations & Warranty,Escalations & Warranty,helpdesk,likely,Likely,Note states refund and replacement both given,note states both remedies given; replacement_issued=N (text-only),agent note,True,inferred (customer+SKU),True,,2790
case-9DA6A25B42,2025-09-30 10:48:00,2025-09,2025Q3,customer-5674745E13,order-447FC72607,order-447FC72607,order_id,2374.0,GW-OTHER,N,sku-25C24EEA39,Pulse True Wireless Earbuds,agent-CAD0283874,Email Frontline,Email Frontline,helpdesk,likely,Likely,Note states refund and replacement both given,note states both remedies given; replacement_issued=N (text-only),agent note,False,quoted on ticket,True,,1460
case-81021F7250,2025-09-30 14:49:00,2025-09,2025Q3,customer-A8F6468741,order-D8D374C906,order-D8D374C906,order_id,6174.0,DOA-REPL,N,sku-7D5C409757,Nexa 2 Smartwatch,agent-266DE49821,Returns Desk,Returns Desk,helpdesk,likely,Likely,Note states refund and replacement both given,note states both remedies given; replacement_issued=N (text-only),agent note,True,quoted on ticket,True,,2790
case-BE10C37367,2025-10-05 13:54:00,2025-10,2025Q4,customer-E2267E2B82,order-1BAAC71ACC,order-1BAAC71ACC,order_id,11898.0,GW-OTHER,N,sku-01786EAD00,Strata 3 Over-Ear Headphones,agent-2C389F865D,Voice Frontline,Voice Frontline,helpdesk,likely,Likely,Note states refund and replacement both given,note states both remedies given; replacement_issued=N (text-only),agent note,False,quoted on ticket,True,,2990
case-26E5A5893C,2025-10-08 11:56:00,2025-10,2025Q4,customer-B8800E8B8E,order-295CD782FE,order-295CD782FE,order_id,2374.0,GW-OTHER,N,sku-25C24EEA39,Pulse True Wireless Earbuds,agent-4458F7DBB1,Logistics,Logistics,helpdesk,likely,Likely,Note states refund and replacement both given,note states both remedies given; replacement_issued=N (text-only),agent note,False,quoted on ticket,True,,1460
case-23589AA6AD,2025-10-09 13:53:00,2025-10,2025Q4,customer-105817E77A,order-D697EF27C6,order-D697EF27C6,fallback_cust_sku,3499.0,GW-OTHER,N,sku-4B6D1659BB,Pulse 2 True Wireless Earbuds,agent-FD8B6215AA,Chat Frontline,Chat Frontline,helpdesk,likely,Likely,Note states refund and replacement both given,note states both remedies given; replacement_issued=N (text-only),agent note,False,inferred (customer+SKU),True,,1820
case-753519679A,2025-10-17 10:14:00,2025-10,2025Q4,customer-B257990649,order-8D5A1E5D9B,order-8D5A1E5D9B,fallback_cust_sku,5599.0,GW-OTHER,N,sku-01786EAD00,Strata 3 Over-Ear Headphones,agent-C4DAB22796,Chat Frontline,Logistics,helpdesk,likely,Likely,Note states refund and replacement both given,note states both remedies given; replacement_issued=N (text-only),agent note,False,inferred (customer+SKU),True,,2990
case-CBB6C9BE0D,2025-10-19 16:09:00,2025-10,2025Q4,customer-83D49BDB34,order-FE2D47D425,order-FE2D47D425,order_id,5949.0,GW-OTHER,N,sku-01786EAD00,Strata 3 Over-Ear Headphones,agent-99D1C33C65,Chat Frontline,Chat Frontline,helpdesk,likely,Likely,Note states refund and replacement both given,note states both remedies given; replacement_issued=N (text-only),agent note,False,quoted on ticket,True,,2990
case-B0549E9720,2025-10-19 19:58:00,2025-10,2025Q4,customer-2A9BF29023,order-059236131C,order-059236131C,order_id,2499.0,GW-OTHER,N,sku-25C24EEA39,Pulse True Wireless Earbuds,agent-8DD1B16EC9,Returns Desk,Returns Desk,helpdesk,likely,Likely,Note states refund and replacement both given,note states both remedies given; replacement_issued=N (text-only),agent note,False,quoted on ticket,True,,1460
case-404DE63E78,2025-10-20 12:21:00,2025-10,2025Q4,customer-0708695061,order-2F1EAC0877,order-2F1EAC0877,order_id,3999.0,GW-OTHER,N,sku-DCFE0FA4B3,Nexa Smartwatch,agent-5248A51FF0,Email Frontline,Returns Desk,helpdesk,likely,Likely,Note states refund and replacement both given,note states both remedies given; replacement_issued=N (text-only),agent note,False,quoted on ticket,True,,2240
case-8B1ACC84B7,2025-10-22 23:12:00,2025-10,2025Q4,customer-6DFBFDED66,order-BC306974DE,order-BC306974DE,order_id,6499.0,GW-OTHER,N,sku-7D5C409757,Nexa 2 Smartwatch,agent-1CD1933598,Escalations & Warranty,Escalations & Warranty,helpdesk,likely,Likely,Note states refund and replacement both given,note states both remedies given; replacement_issued=N (text-only),agent note,False,quoted on ticket,True,,2790
case-6DE5010675,2025-10-23 10:41:00,2025-10,2025Q4,customer-C3010960C3,order-C5AF05499C,order-C5AF05499C,order_id,6998.0,GW-OTHER,N,sku-4B6D1659BB,Pulse 2 True Wireless Earbuds,agent-05E479EE73,Chat Frontline,Chat Frontline,helpdesk,likely,Likely,Note states refund and replacement both given,note states both remedies given; replacement_issued=N (text-only),agent note,False,quoted on ticket,True,,1820
case-34D25DD92E,2025-10-27 07:40:00,2025-10,2025Q4,customer-8AD3C80643,order-28CAD427B1,order-28CAD427B1,order_id,6649.0,WTY-BUYBACK,N,sku-01786EAD00,Strata 3 Over-Ear Headphones,agent-8D2E651818,Chat Frontline,Chat Frontline,helpdesk,likely,Likely,Note states refund and replacement both given,note states both remedies given; replacement_issued=N (text-only),agent note,False,quoted on ticket,True,,2990
case-E198BE09A9,2025-10-29 12:30:00,2025-10,2025Q4,customer-D5111C3EC5,order-0802483EB3,order-0802483EB3,fallback_cust_sku,11898.0,GW-OTHER,N,sku-01786EAD00,Strata 3 Over-Ear Headphones,agent-4D3361BC6C,Billing,Chat Frontline,helpdesk,likely,Likely,Note states refund and replacement both given,note states both remedies given; replacement_issued=N (text-only),agent note,False,inferred (customer+SKU),True,,2990
case-075641D9DF,2025-10-29 20:57:00,2025-10,2025Q4,customer-6C03818593,order-CE6B41BEA1,order-CE6B41BEA1,order_id,5699.0,DOA-REPL,N,sku-CE854858DB,Orbit Smart Speaker,agent-CE76EFF670,Logistics,Logistics,helpdesk,likely,Likely,Note states refund and replacement both given,note states both remedies given; replacement_issued=N (text-only),agent note,False,quoted on ticket,True,,2640
case-D8C5F3AC14,2025-10-31 17:16:00,2025-10,2025Q4,customer-07BD5A3BF0,order-1C9A1BCFA0,order-1C9A1BCFA0,order_id,3999.0,GW-OTHER,N,sku-1D523A6F85,Strata 2 Over-Ear Headphones,agent-4D3361BC6C,Billing,Returns Desk,helpdesk,likely,Likely,Note states refund and replacement both given,note states both remedies given; replacement_issued=N (text-only),agent note,True,quoted on ticket,True,,2440
case-B6FBD881D6,2025-11-07 20:45:00,2025-11,2025Q4,customer-3068A87B17,order-42FA199C09,order-42FA199C09,order_id,1799.0,GW-OTHER,N,sku-78E801A36D,AirLite Earbuds,agent-99D1C33C65,Chat Frontline,Chat Frontline,helpdesk,likely,Likely,Note states refund and replacement both given,note states both remedies given; replacement_issued=N (text-only),agent note,False,quoted on ticket,True,,1100
case-BFA9F1BDC4,2025-11-10 08:43:00,2025-11,2025Q4,customer-EDD54ED098,order-D7A62D21BC,order-D7A62D21BC,order_id,3324.0,GW-OTHER,N,sku-4B6D1659BB,Pulse 2 True Wireless Earbuds,agent-1CD1933598,Escalations & Warranty,Escalations & Warranty,helpdesk,likely,Likely,Note states refund and replacement both given,note states both remedies given; replacement_issued=N (text-only),agent note,False,quoted on ticket,True,,1820
case-381D7665BF,2025-11-10 19:21:00,2025-11,2025Q4,customer-ABCBF9F1FE,order-C788FB7031,order-C788FB7031,order_id,5199.0,DOA-REPL,N,sku-7D5C409757,Nexa 2 Smartwatch,agent-CE76EFF670,Logistics,Logistics,helpdesk,likely,Likely,Note states refund and replacement both given,note states both remedies given; replacement_issued=N (text-only),agent note,False,quoted on ticket,True,,2790
case-560DE194E2,2025-11-15 08:00:00,2025-11,2025Q4,customer-EB8F2FCD02,order-0DFB9F38A1,order-0DFB9F38A1,order_id,1709.0,GW-OTHER,N,sku-78E801A36D,AirLite Earbuds,agent-4458F7DBB1,Logistics,Logistics,helpdesk,likely,Likely,Note states refund and replacement both given,note states both remedies given; replacement_issued=N (text-only),agent note,True,quoted on ticket,True,,1100
case-7F1F0BFCD7,2025-11-15 23:52:00,2025-11,2025Q4,customer-FBAC86E724,order-1304FFD747,order-1304FFD747,fallback_cust_sku,5999.0,WTY-BUYBACK,N,sku-CE854858DB,Orbit Smart Speaker,agent-1CD1933598,Escalations & Warranty,Escalations & Warranty,helpdesk,likely,Likely,Note states refund and replacement both given,note states both remedies given; replacement_issued=N (text-only),agent note,False,inferred (customer+SKU),True,,2640
case-2011666EC2,2025-11-17 09:06:00,2025-11,2025Q4,customer-DC55EA9E79,order-3A6C4859EF,order-3A6C4859EF,order_id,6648.0,GW-OTHER,N,sku-4B6D1659BB,Pulse 2 True Wireless Earbuds,agent-BE73516C67,Escalations & Warranty,Escalations & Warranty,helpdesk,likely,Likely,Note states refund and replacement both given,note states both remedies given; replacement_issued=N (text-only),agent note,False,quoted on ticket,True,,1820
case-80C518A40C,2025-11-17 12:46:00,2025-11,2025Q4,customer-1A96EA05AE,order-814693CBC6,order-814693CBC6,fallback_cust_sku,5999.0,GW-OTHER,N,sku-CE854858DB,Orbit Smart Speaker,agent-05E479EE73,Chat Frontline,Chat Frontline,helpdesk,likely,Likely,Note states refund and replacement both given,note states both remedies given; replacement_issued=N (text-only),agent note,False,inferred (customer+SKU),True,,2640
case-14EDDC7A51,2025-11-18 07:56:00,2025-11,2025Q4,customer-A35E2DD34F,order-A9D51889AB,order-A9D51889AB,fallback_cust_sku,6999.0,GW-OTHER,N,sku-01786EAD00,Strata 3 Over-Ear Headphones,agent-1D9D0979BF,Billing,Billing,helpdesk,likely,Likely,Note states refund and replacement both given,note states both remedies given; replacement_issued=N (text-only),agent note,False,inferred (customer+SKU),True,,2990
case-BFCB41E2F8,2025-11-20 13:45:00,2025-11,2025Q4,customer-9B3A5185E4,order-3993FAD65B,order-3993FAD65B,fallback_cust_sku,4249.0,GW-OTHER,N,sku-DCFE0FA4B3,Nexa Smartwatch,agent-1CD1933598,Escalations & Warranty,Escalations & Warranty,helpdesk,likely,Likely,Note states refund and replacement both given,note states both remedies given; replacement_issued=N (text-only),agent note,False,inferred (customer+SKU),True,,2240
case-FAD1FC1608,2025-11-21 16:19:00,2025-11,2025Q4,customer-4314C16706,order-EDB0CDB1B1,order-EDB0CDB1B1,order_id,2499.0,GW-OTHER,N,sku-3AEE721165,Orbit Mini Speaker,agent-F4A0834255,Chat Frontline,Chat Frontline,helpdesk,likely,Likely,Note states refund and replacement both given,note states both remedies given; replacement_issued=N (text-only),agent note,False,quoted on ticket,True,,1320
case-DA2846ACE7,2025-11-22 17:16:00,2025-11,2025Q4,customer-387882DB53,order-3D4B0D18C7,order-3D4B0D18C7,fallback_cust_sku,6999.0,GW-OTHER,N,sku-01786EAD00,Strata 3 Over-Ear Headphones,agent-C4DAB22796,Chat Frontline,Chat Frontline,helpdesk,likely,Likely,Note states refund and replacement both given,note states both remedies given; replacement_issued=N (text-only),agent note,False,inferred (customer+SKU),True,,2990
case-E347F7DCEB,2025-11-24 20:47:00,2025-11,2025Q4,customer-B11ACF623C,order-3008E6FEF8,order-3008E6FEF8,order_id,1899.0,GW-OTHER,N,sku-21A83778E7,Nexa Fit Band,agent-BE73516C67,Escalations & Warranty,Escalations & Warranty,helpdesk,likely,Likely,Note states refund and replacement both given,note states both remedies given; replacement_issued=N (text-only),agent note,False,quoted on ticket,True,,1190
case-BD4C315221,2025-11-25 10:39:00,2025-11,2025Q4,customer-E963D32FA2,order-7B9CB16196,order-7B9CB16196,order_id,6174.0,GW-OTHER,N,sku-7D5C409757,Nexa 2 Smartwatch,agent-2913D1607A,Escalations & Warranty,Email Frontline,helpdesk,likely,Likely,Note states refund and replacement both given,note states both remedies given; replacement_issued=N (text-only),agent note,True,quoted on ticket,True,,2790
case-5A74864C14,2025-11-25 15:53:00,2025-11,2025Q4,customer-B899FAEAE9,order-E97C515B61,order-E97C515B61,order_id,3499.0,WTY-BUYBACK,N,sku-4B6D1659BB,Pulse 2 True Wireless Earbuds,agent-266DE49821,Returns Desk,Returns Desk,helpdesk,likely,Likely,Note states refund and replacement both given,note states both remedies given; replacement_issued=N (text-only),agent note,False,quoted on ticket,True,,1820
case-3C253541C6,2025-11-28 18:48:00,2025-11,2025Q4,customer-BC95BA30AE,order-8DA8148BEE,order-8DA8148BEE,fallback_cust_sku,1999.0,WTY-BUYBACK,N,sku-21A83778E7,Nexa Fit Band,agent-266DE49821,Returns Desk,Returns Desk,helpdesk,likely,Likely,Note states refund and replacement both given,note states both remedies given; replacement_issued=N (text-only),agent note,False,inferred (customer+SKU),True,,1190
case-0E84A6DFD4,2025-11-30 17:11:00,2025-11,2025Q4,customer-FACA92BC13,order-907B1795D9,order-907B1795D9,order_id,6999.0,GW-OTHER,N,sku-01786EAD00,Strata 3 Over-Ear Headphones,agent-2C389F865D,Voice Frontline,Voice Frontline,helpdesk,likely,Likely,Note states refund and replacement both given,note states both remedies given; replacement_issued=N (text-only),agent note,False,quoted on ticket,True,,2990
case-9D213F17E4,2025-12-07 21:35:00,2025-12,2025Q4,customer-DD868C07A5,order-453254CED6,order-453254CED6,order_id,3499.0,DOA-REPL,N,sku-4B6D1659BB,Pulse 2 True Wireless Earbuds,agent-0677E1B0C2,Chat Frontline,Chat Frontline,helpdesk,likely,Likely,Note states refund and replacement both given,note states both remedies given; replacement_issued=N (text-only),agent note,False,quoted on ticket,True,,1820
case-4BAA096A98,2025-12-12 07:58:00,2025-12,2025Q4,customer-FAA312E694,order-78A0570CA3,order-78A0570CA3,order_id,1999.0,DOA-REPL,N,sku-3AEE721165,Orbit Mini Speaker,agent-EA257582BF,Escalations & Warranty,Chat Frontline,helpdesk,likely,Likely,Note states refund and replacement both given,note states both remedies given; replacement_issued=N (text-only),agent note,False,quoted on ticket,True,,1320
case-2F027D556B,2025-12-17 11:56:00,2025-12,2025Q4,customer-A0D2FC1372,order-F32B7FCE53,order-F32B7FCE53,order_id,6649.0,WTY-BUYBACK,N,sku-01786EAD00,Strata 3 Over-Ear Headphones,agent-5248A51FF0,Email Frontline,Email Frontline,helpdesk,likely,Likely,Note states refund and replacement both given,note states both remedies given; replacement_issued=N (text-only),agent note,False,quoted on ticket,True,,2990
case-D208FE0684,2025-12-17 11:56:00,2025-12,2025Q4,customer-FAB415A245,order-43DF530C40,order-43DF530C40,fallback_cust_sku,2499.0,DOA-REPL,N,sku-25C24EEA39,Pulse True Wireless Earbuds,agent-32566DEF47,Chat Frontline,Chat Frontline,helpdesk,likely,Likely,Note states refund and replacement both given,note states both remedies given; replacement_issued=N (text-only),agent note,False,inferred (customer+SKU),True,,1460
case-415C3D920B,2025-12-18 17:59:00,2025-12,2025Q4,customer-020172504F,order-2FF8A5AE6B,order-2FF8A5AE6B,fallback_cust_sku,1799.0,GW-OTHER,N,sku-78E801A36D,AirLite Earbuds,agent-2C389F865D,Voice Frontline,Voice Frontline,helpdesk,likely,Likely,Note states refund and replacement both given,note states both remedies given; replacement_issued=N (text-only),agent note,False,inferred (customer+SKU),True,,1100
case-05220D3E45,2025-12-19 22:08:00,2025-12,2025Q4,customer-A4D765C0D0,order-5ECC3CE0FD,order-5ECC3CE0FD,order_id,6999.0,GW-OTHER,N,sku-01786EAD00,Strata 3 Over-Ear Headphones,agent-8186D4526C,Chat Frontline,Chat Frontline,helpdesk,likely,Likely,Note states refund and replacement both given,note states both remedies given; replacement_issued=N (text-only),agent note,True,quoted on ticket,True,,2990
case-1BC6F432A6,2025-12-30 18:56:00,2025-12,2025Q4,customer-F43A46AFA3,order-FB85F2E492,order-FB85F2E492,fallback_cust_sku,2499.0,GW-OTHER,N,sku-25C24EEA39,Pulse True Wireless Earbuds,agent-CE76EFF670,Logistics,Logistics,helpdesk,likely,Likely,Note states refund and replacement both given,note states both remedies given; replacement_issued=N (text-only),agent note,False,inferred (customer+SKU),True,,1460
case-6A2783BEAA,2025-12-31 20:45:00,2025-12,2025Q4,customer-86E978D720,order-96B6A05D33,order-96B6A05D33,order_id,1999.0,DOA-REPL,N,sku-25C24EEA39,Pulse True Wireless Earbuds,agent-1CD1933598,Escalations & Warranty,Chat Frontline,helpdesk,likely,Likely,Note states refund and replacement both given,note states both remedies given; replacement_issued=N (text-only),agent note,False,quoted on ticket,True,,1460
case-75D0F0124E,2026-01-01 08:07:00,2026-01,2026Q1,customer-EFCFC2D7A5,order-7B8252C221,order-7B8252C221,fallback_cust_sku,3499.0,GW-OTHER,N,sku-4B6D1659BB,Pulse 2 True Wireless Earbuds,agent-30D746BC4C,Chat Frontline,Chat Frontline,helpdesk,likely,Likely,Note states refund and replacement both given,note states both remedies given; replacement_issued=N (text-only),agent note,False,inferred (customer+SKU),True,,1820
case-5D745C4040,2026-01-01 19:01:00,2026-01,2026Q1,customer-798BB55642,order-2174A4A033,order-2174A4A033,order_id,1039.0,DOA-REPL,N,sku-97DA30AB66,Arc Neckband,agent-EA257582BF,Escalations & Warranty,Escalations & Warranty,helpdesk,likely,Likely,Note states refund and replacement both given,note states both remedies given; replacement_issued=N (text-only),agent note,False,quoted on ticket,True,,880
case-A22E6693E6,2026-01-03 19:17:00,2026-01,2026Q1,customer-859593EC2B,order-D174CEF907,order-D174CEF907,fallback_cust_sku,12598.0,GW-OTHER,N,sku-01786EAD00,Strata 3 Over-Ear Headphones,agent-74E8D5BD49,Logistics,Email Frontline,helpdesk,likely,Likely,Note states refund and replacement both given,note states both remedies given; replacement_issued=N (text-only),agent note,False,inferred (customer+SKU),True,,2990
case-E38935BAC0,2026-01-07 04:22:00,2026-01,2026Q1,customer-BE39B7492F,order-8538B19E0C,order-8538B19E0C,order_id,4998.0,WTY-BUYBACK,N,sku-25C24EEA39,Pulse True Wireless Earbuds,agent-32566DEF47,Chat Frontline,Chat Frontline,helpdesk,likely,Likely,Note states refund and replacement both given,note states both remedies given; replacement_issued=N (text-only),agent note,False,quoted on ticket,True,,1460
case-C4A3392932,2026-01-07 14:01:00,2026-01,2026Q1,customer-E6EFC6F005,order-8DE674AF84,order-8DE674AF84,order_id,4249.0,GW-OTHER,N,sku-DCFE0FA4B3,Nexa Smartwatch,agent-FD8B6215AA,Chat Frontline,Chat Frontline,helpdesk,likely,Likely,Note states refund and replacement both given,note states both remedies given; replacement_issued=N (text-only),agent note,False,quoted on ticket,True,,2240
case-1841199B44,2026-01-12 20:26:00,2026-01,2026Q1,customer-2B62130297,order-5CC43EC466,order-5CC43EC466,order_id,1169.0,DOA-REPL,N,sku-97DA30AB66,Arc Neckband,agent-BE73516C67,Escalations & Warranty,Escalations & Warranty,helpdesk,likely,Likely,Note states refund and replacement both given,note states both remedies given; replacement_issued=N (text-only),agent note,True,quoted on ticket,True,,880
case-B9647FC796,2026-01-15 23:40:00,2026-01,2026Q1,customer-81DBB45844,order-2D85FB613E,order-2D85FB613E,order_id,2499.0,GW-OTHER,N,sku-25C24EEA39,Pulse True Wireless Earbuds,agent-2E6CFE0BA4,Logistics,Logistics,helpdesk,likely,Likely,Note states refund and replacement both given,note states both remedies given; replacement_issued=N (text-only),agent note,False,quoted on ticket,True,,1460
case-10771E3AB1,2026-01-20 13:27:00,2026-01,2026Q1,customer-8101CAED68,order-92D3A7F589,order-92D3A7F589,order_id,1699.0,GW-OTHER,N,sku-21A83778E7,Nexa Fit Band,agent-5248A51FF0,Email Frontline,Voice Frontline,helpdesk,likely,Likely,Note states refund and replacement both given,note states both remedies given; replacement_issued=N (text-only),agent note,False,quoted on ticket,True,,1190
case-DEA76DDCD6,2026-01-21 16:18:00,2026-01,2026Q1,customer-21EB8035BE,order-1A3B5666EC,order-1A3B5666EC,order_id,3149.0,WTY-BUYBACK,N,sku-4B6D1659BB,Pulse 2 True Wireless Earbuds,agent-25CFA1B7B8,Chat Frontline,Chat Frontline,helpdesk,likely,Likely,Note states refund and replacement both given,note states both remedies given; replacement_issued=N (text-only),agent note,False,quoted on ticket,True,,1820
case-2835F40347,2026-01-23 15:35:00,2026-01,2026Q1,customer-060FC19F77,order-5D957BE6AB,order-5D957BE6AB,order_id,3149.0,GW-OTHER,N,sku-4B6D1659BB,Pulse 2 True Wireless Earbuds,agent-99D1C33C65,Chat Frontline,Chat Frontline,helpdesk,likely,Likely,Note states refund and replacement both given,note states both remedies given; replacement_issued=N (text-only),agent note,False,quoted on ticket,True,,1820
case-3DB3F6454B,2026-01-28 10:23:00,2026-01,2026Q1,customer-C324E82529,order-46D496C985,order-46D496C985,order_id,6299.0,GW-OTHER,N,sku-01786EAD00,Strata 3 Over-Ear Headphones,agent-30D746BC4C,Chat Frontline,Chat Frontline,helpdesk,likely,Likely,Note states refund and replacement both given,note states both remedies given; replacement_issued=N (text-only),agent note,False,quoted on ticket,True,,2990
case-AFD3C457BE,2026-02-01 11:44:00,2026-02,2026Q1,customer-AA10A9484E,order-8F0CF5CC14,order-8F0CF5CC14,fallback_cust_sku,3499.0,GW-OTHER,N,sku-4B6D1659BB,Pulse 2 True Wireless Earbuds,agent-51B9A9155D,Logistics,Logistics,helpdesk,likely,Likely,Note states refund and replacement both given,note states both remedies given; replacement_issued=N (text-only),agent note,False,inferred (customer+SKU),True,,1820
case-2A3E035856,2026-02-01 17:48:00,2026-02,2026Q1,customer-3D24976C2A,order-67A13BB316,order-67A13BB316,order_id,1699.0,GW-OTHER,N,sku-21A83778E7,Nexa Fit Band,agent-CE76EFF670,Logistics,Logistics,helpdesk,likely,Likely,Note states refund and replacement both given,note states both remedies given; replacement_issued=N (text-only),agent note,False,quoted on ticket,True,,1190
case-00E0E04BEF,2026-02-01 20:22:00,2026-02,2026Q1,customer-6B3D613271,order-2AB1D5A4C5,order-2AB1D5A4C5,order_id,3499.0,GW-OTHER,N,sku-4B6D1659BB,Pulse 2 True Wireless Earbuds,agent-8186D4526C,Chat Frontline,Chat Frontline,helpdesk,likely,Likely,Note states refund and replacement both given,note states both remedies given; replacement_issued=N (text-only),agent note,False,quoted on ticket,True,,1820
case-EEEC143437,2026-02-02 17:33:00,2026-02,2026Q1,customer-FD64D2F037,order-899959AB79,order-899959AB79,fallback_cust_sku,2124.0,GW-OTHER,N,sku-3AEE721165,Orbit Mini Speaker,agent-CAD0283874,Email Frontline,Email Frontline,helpdesk,likely,Likely,Note states refund and replacement both given,note states both remedies given; replacement_issued=N (text-only),agent note,False,inferred (customer+SKU),True,,1320
case-F7CC53D4B8,2026-02-06 15:59:00,2026-02,2026Q1,customer-035EC62EF1,order-FA6583DE1D,order-FA6583DE1D,order_id,2499.0,GW-OTHER,N,sku-3AEE721165,Orbit Mini Speaker,agent-266DE49821,Returns Desk,Returns Desk,helpdesk,likely,Likely,Note states refund and replacement both given,note states both remedies given; replacement_issued=N (text-only),agent note,False,quoted on ticket,True,,1320
case-ADB9BF7523,2026-02-10 18:16:00,2026-02,2026Q1,customer-99F471690D,order-D2726C1FCA,order-D2726C1FCA,fallback_cust_sku,1619.0,GW-OTHER,N,sku-78E801A36D,AirLite Earbuds,agent-266DE49821,Returns Desk,Chat Frontline,helpdesk,likely,Likely,Note states refund and replacement both given,note states both remedies given; replacement_issued=N (text-only),agent note,False,inferred (customer+SKU),True,,1100
case-97CEBAE395,2026-02-12 10:53:00,2026-02,2026Q1,customer-B0687AE107,order-CCAA923F48,order-CCAA923F48,fallback_cust_sku,2974.0,GW-OTHER,N,sku-4B6D1659BB,Pulse 2 True Wireless Earbuds,agent-867063819F,Chat Frontline,Chat Frontline,helpdesk,likely,Likely,Note states refund and replacement both given,note states both remedies given; replacement_issued=N (text-only),agent note,False,inferred (customer+SKU),True,,1820
case-4094624A34,2026-02-16 01:25:00,2026-02,2026Q1,customer-7C610D6C5A,order-2D9E0B264C,order-2D9E0B264C,order_id,5099.0,DOA-REPL,N,sku-CE854858DB,Orbit Smart Speaker,agent-1CD1933598,Escalations & Warranty,Escalations & Warranty,helpdesk,likely,Likely,Note states refund and replacement both given,note states both remedies given; replacement_issued=N (text-only),agent note,False,quoted on ticket,True,,2640
case-7816E68B0C,2026-02-16 07:03:00,2026-02,2026Q1,customer-64CD433C6B,order-3DA2BBEF1B,order-3DA2BBEF1B,order_id,2974.0,GW-OTHER,N,sku-4B6D1659BB,Pulse 2 True Wireless Earbuds,agent-867063819F,Chat Frontline,Chat Frontline,helpdesk,likely,Likely,Note states refund and replacement both given,note states both remedies given; replacement_issued=N (text-only),agent note,False,quoted on ticket,True,,1820
case-4F5FD54416,2026-02-21 17:02:00,2026-02,2026Q1,customer-E2C6694C59,order-C0480E0749,order-C0480E0749,order_id,1274.0,GW-OTHER,N,sku-F61459CA52,65W GaN Charger,agent-CE76EFF670,Logistics,Logistics,helpdesk,likely,Likely,Note states refund and replacement both given,note states both remedies given; replacement_issued=N (text-only),agent note,False,quoted on ticket,True,,950
case-6B706059DC,2026-02-25 17:10:00,2026-02,2026Q1,customer-523C954141,order-8ADB3EC9E7,order-8ADB3EC9E7,order_id,3499.0,GW-OTHER,N,sku-4B6D1659BB,Pulse 2 True Wireless Earbuds,agent-2C389F865D,Voice Frontline,Voice Frontline,helpdesk,likely,Likely,Note states refund and replacement both given,note states both remedies given; replacement_issued=N (text-only),agent note,False,quoted on ticket,True,,1820
case-E94B7243D0,2026-02-26 11:43:00,2026-02,2026Q1,customer-7B269DC15D,order-F24AD53125,order-F24AD53125,order_id,6499.0,DOA-REPL,N,sku-7D5C409757,Nexa 2 Smartwatch,agent-5248A51FF0,Email Frontline,Email Frontline,helpdesk,likely,Likely,Note states refund and replacement both given,note states both remedies given; replacement_issued=N (text-only),agent note,False,quoted on ticket,True,,2790
case-F975CCF81A,2026-02-27 10:16:00,2026-02,2026Q1,customer-1BB41680E6,order-6F246B1F11,order-6F246B1F11,order_id,1619.0,GW-OTHER,N,sku-78E801A36D,AirLite Earbuds,agent-1CD1933598,Escalations & Warranty,Escalations & Warranty,helpdesk,likely,Likely,Note states refund and replacement both given,note states both remedies given; replacement_issued=N (text-only),agent note,False,quoted on ticket,True,,1100
case-E13DDEB9DE,2026-02-28 18:58:00,2026-02,2026Q1,customer-C5581963F8,order-3712C7FC64,order-3712C7FC64,fallback_cust_sku,2499.0,GW-OTHER,N,sku-3AEE721165,Orbit Mini Speaker,agent-EFF9085572,Escalations & Warranty,Escalations & Warranty,helpdesk,likely,Likely,Note states refund and replacement both given,note states both remedies given; replacement_issued=N (text-only),agent note,True,inferred (customer+SKU),True,,1320
case-A4E8E1F146,2026-03-08 16:02:00,2026-03,2026Q1,customer-F0E089AE87,order-CE2ACCD7BB,order-CE2ACCD7BB,order_id,5999.0,GW-OTHER,N,sku-CE854858DB,Orbit Smart Speaker,agent-CE76EFF670,Logistics,Logistics,helpdesk,likely,Likely,Note states refund and replacement both given,note states both remedies given; replacement_issued=N (text-only),agent note,False,quoted on ticket,True,,2640
case-FFAFEFE4E0,2026-03-13 08:02:00,2026-03,2026Q1,customer-D38DA8DCF5,order-979F38C126,order-979F38C126,fallback_cust_sku,2499.0,GW-OTHER,N,sku-3AEE721165,Orbit Mini Speaker,agent-4458F7DBB1,Logistics,Logistics,helpdesk,likely,Likely,Note states refund and replacement both given,note states both remedies given; replacement_issued=N (text-only),agent note,False,inferred (customer+SKU),True,,1320
case-D216C58F43,2026-03-15 14:23:00,2026-03,2026Q1,customer-5C270D6405,order-B31850480B,order-B31850480B,fallback_cust_sku,3149.0,GW-OTHER,N,sku-4B6D1659BB,Pulse 2 True Wireless Earbuds,agent-FD8B6215AA,Chat Frontline,Chat Frontline,helpdesk,likely,Likely,Note states refund and replacement both given,note states both remedies given; replacement_issued=N (text-only),agent note,False,inferred (customer+SKU),True,,1820
case-4335B68D13,2026-03-15 18:13:00,2026-03,2026Q1,customer-8F50640877,order-59D7C45123,order-59D7C45123,order_id,3499.0,GW-OTHER,N,sku-4B6D1659BB,Pulse 2 True Wireless Earbuds,agent-2C389F865D,Voice Frontline,Voice Frontline,helpdesk,likely,Likely,Note states refund and replacement both given,note states both remedies given; replacement_issued=N (text-only),agent note,False,quoted on ticket,True,,1820
case-982F25F7BC,2026-03-19 13:15:00,2026-03,2026Q1,customer-4677BFA6AB,order-F7AB619AD5,order-F7AB619AD5,order_id,1529.0,WTY-BUYBACK,N,sku-78E801A36D,AirLite Earbuds,agent-2F36F831DB,Escalations & Warranty,Chat Frontline,helpdesk,likely,Likely,Note states refund and replacement both given,note states both remedies given; replacement_issued=N (text-only),agent note,False,quoted on ticket,True,,1100
case-46DF9C08F5,2026-03-19 19:26:00,2026-03,2026Q1,customer-6E819C21BD,order-56AFC2664B,order-56AFC2664B,order_id,3324.0,GW-OTHER,N,sku-4B6D1659BB,Pulse 2 True Wireless Earbuds,agent-2F36F831DB,Escalations & Warranty,Escalations & Warranty,helpdesk,likely,Likely,Note states refund and replacement both given,note states both remedies given; replacement_issued=N (text-only),agent note,False,quoted on ticket,True,,1820
case-625168291C,2026-03-21 17:56:00,2026-03,2026Q1,customer-FA2BD27ABB,order-AE434BF822,order-AE434BF822,order_id,3058.0,DOA-REPL,N,sku-78E801A36D,AirLite Earbuds,agent-F4A0834255,Chat Frontline,Chat Frontline,helpdesk,likely,Likely,Note states refund and replacement both given,note states both remedies given; replacement_issued=N (text-only),agent note,False,quoted on ticket,True,,1100
case-475C41218C,2026-03-21 23:46:00,2026-03,2026Q1,customer-BEC211C76F,order-BAD7A4C303,order-BAD7A4C303,fallback_cust_sku,2499.0,DOA-REPL,N,sku-25C24EEA39,Pulse True Wireless Earbuds,agent-3A17F69C28,Email Frontline,Email Frontline,helpdesk,likely,Likely,Note states refund and replacement both given,note states both remedies given; replacement_issued=N (text-only),agent note,False,inferred (customer+SKU),True,,1460
case-ABCBD4A219,2026-03-24 23:59:00,2026-03,2026Q1,customer-DAB7739164,order-9612D023EC,order-9612D023EC,fallback_cust_sku,3324.0,DOA-REPL,N,sku-4B6D1659BB,Pulse 2 True Wireless Earbuds,agent-74E8D5BD49,Logistics,Logistics,helpdesk,likely,Likely,Note states refund and replacement both given,note states both remedies given; replacement_issued=N (text-only),agent note,False,inferred (customer+SKU),True,,1820
case-BE3C380A33,2026-03-29 17:50:00,2026-03,2026Q1,customer-2F602C042D,order-BBFB4D1A0B,order-BBFB4D1A0B,order_id,1999.0,GW-OTHER,N,sku-21A83778E7,Nexa Fit Band,agent-F4A0834255,Chat Frontline,Chat Frontline,helpdesk,likely,Likely,Note states refund and replacement both given,note states both remedies given; replacement_issued=N (text-only),agent note,False,quoted on ticket,True,,1190
case-535057E606,2026-03-31 19:34:00,2026-03,2026Q1,customer-3B7E55431F,order-46F83C6C03,order-46F83C6C03,fallback_cust_sku,2974.0,GW-OTHER,N,sku-4B6D1659BB,Pulse 2 True Wireless Earbuds,agent-CE76EFF670,Logistics,Logistics,helpdesk,likely,Likely,Note states refund and replacement both given,note states both remedies given; replacement_issued=N (text-only),agent note,False,inferred (customer+SKU),True,,1820
case-AFEEC4FC3B,2026-04-04 11:21:00,2026-04,2026Q2,customer-E7E7FAD7D6,order-D620871D0B,order-D620871D0B,fallback_cust_sku,2799.0,DOA-REPL,N,sku-4B6D1659BB,Pulse 2 True Wireless Earbuds,agent-1CD1933598,Escalations & Warranty,Escalations & Warranty,helpdesk,likely,Likely,Note states refund and replacement both given,note states both remedies given; replacement_issued=N (text-only),agent note,False,inferred (customer+SKU),True,,1820
case-A8F18F2337,2026-04-07 17:52:00,2026-04,2026Q2,customer-F179F52377,order-1EEA1A575C,order-1EEA1A575C,order_id,6174.0,WTY-BUYBACK,N,sku-7D5C409757,Nexa 2 Smartwatch,agent-266DE49821,Returns Desk,Returns Desk,helpdesk,likely,Likely,Note states refund and replacement both given,note states both remedies given; replacement_issued=N (text-only),agent note,True,quoted on ticket,True,,2790
case-D805527C2E,2026-04-15 15:38:00,2026-04,2026Q2,customer-5823DF676C,order-DACB8D50C1,order-DACB8D50C1,order_id,1299.0,DOA-REPL,N,sku-97DA30AB66,Arc Neckband,agent-2F36F831DB,Escalations & Warranty,Escalations & Warranty,helpdesk,likely,Likely,Note states refund and replacement both given,note states both remedies given; replacement_issued=N (text-only),agent note,False,quoted on ticket,True,,880
case-F137034D83,2026-04-16 09:17:00,2026-04,2026Q2,customer-96805C7B1E,order-AC7D6F6DAA,order-AC7D6F6DAA,order_id,2799.0,GW-OTHER,N,sku-4B6D1659BB,Pulse 2 True Wireless Earbuds,agent-30D746BC4C,Chat Frontline,Chat Frontline,helpdesk,likely,Likely,Note states refund and replacement both given,note states both remedies given; replacement_issued=N (text-only),agent note,False,quoted on ticket,True,,1820
case-FEC07E4373,2026-04-19 11:09:00,2026-04,2026Q2,customer-BD794B969C,order-A11B5CFBA2,order-A11B5CFBA2,fallback_cust_sku,3499.0,DOA-REPL,N,sku-4B6D1659BB,Pulse 2 True Wireless Earbuds,agent-2E6CFE0BA4,Logistics,Logistics,helpdesk,likely,Likely,Note states refund and replacement both given,note states both remedies given; replacement_issued=N (text-only),agent note,False,inferred (customer+SKU),True,,1820
case-6F8D224B0C,2026-04-20 07:27:00,2026-04,2026Q2,customer-00CD9D3B55,order-25948545A7,order-25948545A7,order_id,6499.0,GW-OTHER,N,sku-7D5C409757,Nexa 2 Smartwatch,agent-4458F7DBB1,Logistics,Logistics,helpdesk,likely,Likely,Note states refund and replacement both given,note states both remedies given; replacement_issued=N (text-only),agent note,False,quoted on ticket,True,,2790
case-A3CD90C3CD,2026-04-21 20:30:00,2026-04,2026Q2,customer-1702FCDFE0,order-56F174F84E,order-56F174F84E,fallback_cust_sku,1299.0,GW-OTHER,N,sku-97DA30AB66,Arc Neckband,agent-B57F209F90,Billing,Billing,helpdesk,likely,Likely,Note states refund and replacement both given,note states both remedies given; replacement_issued=N (text-only),agent note,False,inferred (customer+SKU),True,,880
case-576A4F9D86,2026-04-23 19:22:00,2026-04,2026Q2,customer-F0E089AE87,order-7FB8A9052E,order-7FB8A9052E,order_id,3499.0,GW-OTHER,N,sku-4B6D1659BB,Pulse 2 True Wireless Earbuds,agent-CE76EFF670,Logistics,Logistics,helpdesk,likely,Likely,Note states refund and replacement both given,note states both remedies given; replacement_issued=N (text-only),agent note,False,quoted on ticket,True,,1820
case-B7FE382716,2026-04-26 02:31:00,2026-04,2026Q2,customer-F6CF249EE4,order-ACCC652F13,order-ACCC652F13,fallback_cust_sku,2799.0,GW-OTHER,N,sku-4B6D1659BB,Pulse 2 True Wireless Earbuds,agent-8186D4526C,Chat Frontline,Email Frontline,helpdesk,likely,Likely,Note states refund and replacement both given,note states both remedies given; replacement_issued=N (text-only),agent note,False,inferred (customer+SKU),True,,1820
case-D6BA6D740E,2026-04-27 22:44:00,2026-04,2026Q2,customer-A5AB7E6D07,order-84B0433D77,order-84B0433D77,order_id,3149.0,GW-OTHER,N,sku-4B6D1659BB,Pulse 2 True Wireless Earbuds,agent-12C1E04FFA,Chat Frontline,Chat Frontline,helpdesk,likely,Likely,Note states refund and replacement both given,note states both remedies given; replacement_issued=N (text-only),agent note,False,quoted on ticket,True,,1820
case-BBB1600582,2026-04-30 23:57:00,2026-04,2026Q2,customer-4C3951D8BC,order-AAEB3F58D5,order-AAEB3F58D5,order_id,1499.0,GW-OTHER,N,sku-F61459CA52,65W GaN Charger,agent-8DD1B16EC9,Returns Desk,Returns Desk,helpdesk,likely,Likely,Note states refund and replacement both given,note states both remedies given; replacement_issued=N (text-only),agent note,False,quoted on ticket,True,,950
case-629FBE7029,2026-05-13 07:21:00,2026-05,2026Q2,customer-AFF30D1B58,order-F2B90E6EDE,order-F2B90E6EDE,order_id,5524.0,WTY-BUYBACK,N,sku-7D5C409757,Nexa 2 Smartwatch,agent-867063819F,Chat Frontline,Chat Frontline,helpdesk,likely,Likely,Note states refund and replacement both given,note states both remedies given; replacement_issued=N (text-only),agent note,False,quoted on ticket,True,,2790
case-B88EDF0516,2026-05-13 18:00:00,2026-05,2026Q2,customer-29EFB2AE89,order-44559783FB,order-44559783FB,fallback_cust_sku,5598.0,DOA-REPL,N,sku-4B6D1659BB,Pulse 2 True Wireless Earbuds,agent-2913D1607A,Escalations & Warranty,Escalations & Warranty,helpdesk,likely,Likely,Note states refund and replacement both given,note states both remedies given; replacement_issued=N (text-only),agent note,False,inferred (customer+SKU),True,,1820
case-B37CB634E3,2026-05-15 15:28:00,2026-05,2026Q2,customer-EA50F57495,order-A002C61332,order-A002C61332,order_id,6649.0,WTY-BUYBACK,N,sku-01786EAD00,Strata 3 Over-Ear Headphones,agent-2C389F865D,Voice Frontline,Voice Frontline,helpdesk,likely,Likely,Note states refund and replacement both given,note states both remedies given; replacement_issued=N (text-only),agent note,False,quoted on ticket,True,,2990
case-6F80DDFE2D,2026-05-18 20:15:00,2026-05,2026Q2,customer-4BF48E2C9D,order-CD9F0BA3B3,order-CD9F0BA3B3,order_id,3499.0,GW-OTHER,N,sku-4B6D1659BB,Pulse 2 True Wireless Earbuds,agent-2C389F865D,Voice Frontline,Voice Frontline,helpdesk,likely,Likely,Note states refund and replacement both given,note states both remedies given; replacement_issued=N (text-only),agent note,False,quoted on ticket,True,,1820
case-160CC7E44E,2026-05-19 14:13:00,2026-05,2026Q2,customer-E435E36C76,order-732ABB5BAF,order-732ABB5BAF,order_id,3499.0,GW-OTHER,N,sku-4B6D1659BB,Pulse 2 True Wireless Earbuds,agent-CE76EFF670,Logistics,Logistics,helpdesk,likely,Likely,Note states refund and replacement both given,note states both remedies given; replacement_issued=N (text-only),agent note,False,quoted on ticket,True,,1820
case-26EFC9C0F6,2026-05-20 14:56:00,2026-05,2026Q2,customer-42885DC2D9,order-03D7A51B98,order-03D7A51B98,fallback_cust_sku,3149.0,GW-OTHER,N,sku-4B6D1659BB,Pulse 2 True Wireless Earbuds,agent-266DE49821,Returns Desk,Returns Desk,helpdesk,likely,Likely,Note states refund and replacement both given,note states both remedies given; replacement_issued=N (text-only),agent note,False,inferred (customer+SKU),True,,1820
case-8BE63C559C,2026-05-24 19:27:00,2026-05,2026Q2,customer-BB8C361C52,order-9DB6FAA80C,order-9DB6FAA80C,fallback_cust_sku,3499.0,DOA-REPL,N,sku-4B6D1659BB,Pulse 2 True Wireless Earbuds,agent-CAD0283874,Email Frontline,Email Frontline,helpdesk,likely,Likely,Note states refund and replacement both given,note states both remedies given; replacement_issued=N (text-only),agent note,False,inferred (customer+SKU),True,,1820
case-695E8D49DF,2026-05-25 19:35:00,2026-05,2026Q2,customer-308EB5A572,order-9BC312BCE8,order-9BC312BCE8,order_id,2799.0,GW-OTHER,N,sku-4B6D1659BB,Pulse 2 True Wireless Earbuds,agent-8186D4526C,Chat Frontline,Chat Frontline,helpdesk,likely,Likely,Note states refund and replacement both given,note states both remedies given; replacement_issued=N (text-only),agent note,True,quoted on ticket,True,,1820
case-361C17E320,2026-05-27 10:17:00,2026-05,2026Q2,customer-2571498AD5,order-147EEF16BE,order-147EEF16BE,fallback_cust_sku,5199.0,WTY-BUYBACK,N,sku-7D5C409757,Nexa 2 Smartwatch,agent-2E6CFE0BA4,Logistics,Logistics,helpdesk,likely,Likely,Note states refund and replacement both given,note states both remedies given; replacement_issued=N (text-only),agent note,False,inferred (customer+SKU),True,,2790
case-D5A5E02D50,2026-05-27 18:08:00,2026-05,2026Q2,customer-6FB3071F9D,order-B621C0E96E,order-B621C0E96E,order_id,6999.0,GW-OTHER,N,sku-01786EAD00,Strata 3 Over-Ear Headphones,agent-FD8B6215AA,Chat Frontline,Chat Frontline,helpdesk,likely,Likely,Note states refund and replacement both given,note states both remedies given; replacement_issued=N (text-only),agent note,False,quoted on ticket,True,,2990
case-C0FA19BB44,2026-05-31 14:26:00,2026-05,2026Q2,customer-C2E1E4ABF1,order-2C6452991E,order-2C6452991E,order_id,3499.0,DOA-REPL,N,sku-4B6D1659BB,Pulse 2 True Wireless Earbuds,agent-CE76EFF670,Logistics,Logistics,helpdesk,likely,Likely,Note states refund and replacement both given,note states both remedies given; replacement_issued=N (text-only),agent note,False,quoted on ticket,True,,1820
case-C07409CAB6,2026-06-01 18:49:00,2026-06,2026Q2,customer-6B5F2F953A,order-EF32B098CE,order-EF32B098CE,order_id,3499.0,DOA-REPL,N,sku-4B6D1659BB,Pulse 2 True Wireless Earbuds,agent-0677E1B0C2,Chat Frontline,Chat Frontline,helpdesk,likely,Likely,Note states refund and replacement both given,note states both remedies given; replacement_issued=N (text-only),agent note,False,quoted on ticket,True,,1820
case-2F1B779D88,2026-06-02 18:13:00,2026-06,2026Q2,customer-16BDFF10CE,order-A38D7EDFD4,order-A38D7EDFD4,fallback_cust_sku,2799.0,DOA-REPL,N,sku-4B6D1659BB,Pulse 2 True Wireless Earbuds,agent-C4DAB22796,Chat Frontline,Chat Frontline,helpdesk,likely,Likely,Note states refund and replacement both given,note states both remedies given; replacement_issued=N (text-only),agent note,False,inferred (customer+SKU),True,,1820
case-6F08E41DE5,2026-06-03 08:32:00,2026-06,2026Q2,customer-7B8A32AD4F,order-7F1CC186B3,order-7F1CC186B3,fallback_cust_sku,6999.0,DOA-REPL,N,sku-01786EAD00,Strata 3 Over-Ear Headphones,agent-8D2E651818,Chat Frontline,Chat Frontline,helpdesk,likely,Likely,Note states refund and replacement both given,note states both remedies given; replacement_issued=N (text-only),agent note,False,inferred (customer+SKU),True,,2990
case-C325E48E98,2026-06-03 10:16:00,2026-06,2026Q2,customer-FE8C30B016,order-8D8F3102E5,order-8D8F3102E5,fallback_cust_sku,2799.0,GW-OTHER,N,sku-4B6D1659BB,Pulse 2 True Wireless Earbuds,agent-8DD1B16EC9,Returns Desk,Returns Desk,helpdesk,likely,Likely,Note states refund and replacement both given,note states both remedies given; replacement_issued=N (text-only),agent note,False,inferred (customer+SKU),True,,1820
case-94B318F20B,2026-06-07 11:19:00,2026-06,2026Q2,customer-DC0A7E7FEA,order-44DD2C2107,order-44DD2C2107,order_id,3324.0,GW-OTHER,N,sku-4B6D1659BB,Pulse 2 True Wireless Earbuds,agent-05E479EE73,Chat Frontline,Chat Frontline,helpdesk,likely,Likely,Note states refund and replacement both given,note states both remedies given; replacement_issued=N (text-only),agent note,True,quoted on ticket,True,,1820
case-40EE3D770D,2026-06-08 08:28:00,2026-06,2026Q2,customer-1C1A43610E,order-223902ABDF,order-223902ABDF,order_id,3149.0,DOA-REPL,N,sku-4B6D1659BB,Pulse 2 True Wireless Earbuds,agent-5248A51FF0,Email Frontline,Email Frontline,helpdesk,likely,Likely,Note states refund and replacement both given,note states both remedies given; replacement_issued=N (text-only),agent note,False,quoted on ticket,True,,1820
case-34625DE7EF,2026-06-08 08:29:00,2026-06,2026Q2,customer-FBB4B99371,order-802ED47540,order-802ED47540,fallback_cust_sku,5524.0,DOA-REPL,N,sku-7D5C409757,Nexa 2 Smartwatch,agent-333BBC740C,Voice Frontline,Voice Frontline,helpdesk,likely,Likely,Note states refund and replacement both given,note states both remedies given; replacement_issued=N (text-only),agent note,False,inferred (customer+SKU),True,,2790
case-E8D323E356,2026-06-12 10:49:00,2026-06,2026Q2,customer-9C837744AC,order-FF8C016CA9,order-FF8C016CA9,order_id,1299.0,GW-OTHER,N,sku-F1B9683B2B,Pulse Charging Case (spare),agent-CE76EFF670,Logistics,Logistics,helpdesk,likely,Likely,Note states refund and replacement both given,note states both remedies given; replacement_issued=N (text-only),agent note,False,quoted on ticket,True,,960
case-2E223AD6B9,2026-06-12 18:03:00,2026-06,2026Q2,customer-10E3609A4F,order-90DFBA594F,order-90DFBA594F,order_id,2124.0,WTY-BUYBACK,N,sku-25C24EEA39,Pulse True Wireless Earbuds,agent-CE76EFF670,Logistics,Logistics,helpdesk,likely,Likely,Note states refund and replacement both given,note states both remedies given; replacement_issued=N (text-only),agent note,False,quoted on ticket,True,,1460
case-A2B279358F,2026-06-13 07:38:00,2026-06,2026Q2,customer-F5E4D4651D,order-CC67E05143,order-CC67E05143,order_id,3499.0,GW-OTHER,N,sku-4B6D1659BB,Pulse 2 True Wireless Earbuds,agent-CAD0283874,Email Frontline,Email Frontline,helpdesk,likely,Likely,Note states refund and replacement both given,note states both remedies given; replacement_issued=N (text-only),agent note,True,quoted on ticket,True,,1820
case-C640F9F1FC,2026-06-13 17:23:00,2026-06,2026Q2,customer-2D29397F8C,order-4FF5159ADD,order-4FF5159ADD,order_id,1349.0,WTY-BUYBACK,N,sku-F61459CA52,65W GaN Charger,agent-CE76EFF670,Logistics,Logistics,helpdesk,likely,Likely,Note states refund and replacement both given,note states both remedies given; replacement_issued=N (text-only),agent note,False,quoted on ticket,True,,950
case-477586B801,2026-06-15 11:51:00,2026-06,2026Q2,customer-A7C9787FF9,order-49B2B537CA,order-49B2B537CA,fallback_cust_sku,2799.0,WTY-BUYBACK,N,sku-4B6D1659BB,Pulse 2 True Wireless Earbuds,agent-CAD0283874,Email Frontline,Email Frontline,helpdesk,likely,Likely,Note states refund and replacement both given,note states both remedies given; replacement_issued=N (text-only),agent note,False,inferred (customer+SKU),True,,1820
case-A285824F72,2026-06-20 00:21:00,2026-06,2026Q2,customer-DE6CEF24FA,order-30F5432D6E,order-30F5432D6E,order_id,1499.0,GW-OTHER,N,sku-F61459CA52,65W GaN Charger,agent-74E8D5BD49,Logistics,Logistics,helpdesk,likely,Likely,Note states refund and replacement both given,note states both remedies given; replacement_issued=N (text-only),agent note,False,quoted on ticket,True,,950
case-FCABDA3FE7,2026-06-22 14:26:00,2026-06,2026Q2,customer-40F3666051,order-A402BA13F4,order-A402BA13F4,fallback_cust_sku,5099.0,GW-OTHER,N,sku-CE854858DB,Orbit Smart Speaker,agent-CE76EFF670,Logistics,Logistics,helpdesk,likely,Likely,Note states refund and replacement both given,note states both remedies given; replacement_issued=N (text-only),agent note,True,inferred (customer+SKU),True,,2640
case-179902E8E8,2026-06-22 16:21:00,2026-06,2026Q2,customer-032DB33F51,order-B0A005E388,order-B0A005E388,order_id,2974.0,DOA-REPL,N,sku-4B6D1659BB,Pulse 2 True Wireless Earbuds,agent-0677E1B0C2,Chat Frontline,Chat Frontline,helpdesk,likely,Likely,Note states refund and replacement both given,note states both remedies given; replacement_issued=N (text-only),agent note,False,quoted on ticket,True,,1820
case-D10C3DF4A7,2026-06-23 11:54:00,2026-06,2026Q2,customer-B1DE8915B0,order-E01C1CD2BD,order-E01C1CD2BD,order_id,1039.0,GW-OTHER,N,sku-F1B9683B2B,Pulse Charging Case (spare),agent-4458F7DBB1,Logistics,Logistics,helpdesk,likely,Likely,Note states refund and replacement both given,note states both remedies given; replacement_issued=N (text-only),agent note,False,quoted on ticket,True,,960
case-C843A1590D,2026-06-23 19:57:00,2026-06,2026Q2,customer-8DF90D3827,order-74DDB5F82D,order-74DDB5F82D,fallback_cust_sku,3324.0,GW-OTHER,N,sku-4B6D1659BB,Pulse 2 True Wireless Earbuds,agent-2C389F865D,Voice Frontline,Voice Frontline,helpdesk,likely,Likely,Note states refund and replacement both given,note states both remedies given; replacement_issued=N (text-only),agent note,False,inferred (customer+SKU),True,,1820
case-71B91D1FF0,2026-06-27 20:15:00,2026-06,2026Q2,customer-29EFB2AE89,order-44559783FB,order-44559783FB,fallback_cust_sku,3324.0,GW-OTHER,N,sku-4B6D1659BB,Pulse 2 True Wireless Earbuds,agent-6FE707AC1C,Chat Frontline,Email Frontline,helpdesk,likely,Likely,Note states refund and replacement both given,note states both remedies given; replacement_issued=N (text-only),agent note,False,inferred (customer+SKU),True,,1820
case-4B73D8A50C,2026-06-28 09:20:00,2026-06,2026Q2,customer-C9311336A7,order-5E3EE5EEA7,order-5E3EE5EEA7,order_id,1529.0,GW-OTHER,N,sku-78E801A36D,AirLite Earbuds,agent-8D2E651818,Chat Frontline,Chat Frontline,helpdesk,likely,Likely,Note states refund and replacement both given,note states both remedies given; replacement_issued=N (text-only),agent note,False,quoted on ticket,True,,1100
case-753850FC0D,2026-06-28 12:26:00,2026-06,2026Q2,customer-F2D125C342,order-DBD286D6BC,order-DBD286D6BC,order_id,6499.0,GW-OTHER,N,sku-7D5C409757,Nexa 2 Smartwatch,agent-1CD1933598,Escalations & Warranty,Escalations & Warranty,helpdesk,likely,Likely,Note states refund and replacement both given,note states both remedies given; replacement_issued=N (text-only),agent note,False,quoted on ticket,True,,2790
case-2171A35055,2025-01-02 13:41:00,2025-01,2025Q1,customer-E203F11C07,order-50E5846D3D,order-50E5846D3D,order_id,342.0,WTY-BUYBACK,N,sku-78E801A36D,AirLite Earbuds,agent-CAD0283874,Email Frontline,Email Frontline,legacy_fd,ambiguous,Ambiguous,Note mentions a replacement; unclear if sent,note mentions replacement/reship; flag N (unclear whether one was sent),agent note,False,quoted on ticket,True,,1100
case-E58A59ED5E,2025-01-08 19:39:00,2025-01,2025Q1,customer-038FEE49E4,order-CF85FC13E9,order-CF85FC13E9,order_id,319.0,RETURN-QC-OK,N,sku-25C24EEA39,Pulse True Wireless Earbuds,agent-266DE49821,Returns Desk,Returns Desk,legacy_fd,ambiguous,Ambiguous,Refund here; replacement on another ticket of same order,"same order_id: refund here, replacement_issued=Y on another ticket (may be separate incident)",cross-ticket/order evidence (order_id quoted on ticket),False,quoted on ticket,False,case-3A594102EE,1460
case-E5A83B2DA1,2025-01-15 17:30:00,2025-01,2025Q1,customer-14611DC9FF,order-319799BC72,order-319799BC72,order_id,1250.0,DUP-PAYMENT,N,sku-25C24EEA39,Pulse True Wireless Earbuds,agent-C4DAB22796,Chat Frontline,Chat Frontline,legacy_fd,ambiguous,Ambiguous,Refund here; replacement on another ticket of same order,"same order_id: refund here, replacement_issued=Y on another ticket (may be separate incident)",cross-ticket/order evidence (order_id quoted on ticket),False,quoted on ticket,False,case-480C0DCAA2,1460
case-E37D3F0327,2025-01-29 12:16:00,2025-01,2025Q1,customer-3DC83BE435,order-866C9161D8,order-866C9161D8,order_id,6174.0,CANCEL,N,sku-7D5C409757,Nexa 2 Smartwatch,agent-8D2E651818,Chat Frontline,Chat Frontline,legacy_fd,ambiguous,Ambiguous,Refund here; replacement on another ticket of same order,"same order_id: refund here, replacement_issued=Y on another ticket (may be separate incident)",cross-ticket/order evidence (order_id quoted on ticket),False,quoted on ticket,False,case-90453FC990,2790
case-131587C31E,2025-02-02 22:54:00,2025-02,2025Q1,customer-1C597CCCD2,order-E89B0EA794,order-E89B0EA794,order_id,1709.0,CANCEL,N,sku-78E801A36D,AirLite Earbuds,agent-3A17F69C28,Email Frontline,Chat Frontline,legacy_fd,ambiguous,Ambiguous,Refund here; replacement on another ticket of same order,"same order_id: refund here, replacement_issued=Y on another ticket (may be separate incident)",cross-ticket/order evidence (order_id quoted on ticket),False,quoted on ticket,False,case-3336A5BB1B,1100
case-3D53D94A21,2025-02-07 21:12:00,2025-02,2025Q1,customer-3F42273B48,,,unmatched,332.0,GW-OTHER,N,sku-4B6D1659BB,Pulse 2 True Wireless Earbuds,agent-CE76EFF670,Logistics,Logistics,legacy_fd,ambiguous,Ambiguous,Note mentions a replacement; unclear if sent,note mentions replacement/reship; flag N (unclear whether one was sent),agent note,False,none,True,,1820
case-1D323381F3,2025-02-14 05:50:00,2025-02,2025Q1,customer-32DC12DEB3,order-D34752CB85,order-D34752CB85,order_id,600.0,CANCEL,N,sku-CE854858DB,Orbit Smart Speaker,agent-74E8D5BD49,Logistics,Logistics,legacy_fd,ambiguous,Ambiguous,Refund here; replacement on another ticket of same order,"same order_id: refund here, replacement_issued=Y on another ticket (may be separate incident)",cross-ticket/order evidence (order_id quoted on ticket),False,quoted on ticket,False,case-22FA933DFD,2640
case-E6CDF077B9,2025-02-18 17:44:00,2025-02,2025Q1,customer-C2E1E4ABF1,order-78C1BAB284,order-78C1BAB284,order_id,1799.0,GW-OTHER,N,sku-21A83778E7,Nexa Fit Band,agent-266DE49821,Returns Desk,Returns Desk,legacy_fd,ambiguous,Ambiguous,Refund here; replacement on another ticket of same order,"same order_id: refund here, replacement_issued=Y on another ticket (may be separate incident)",cross-ticket/order evidence (order_id quoted on ticket),False,quoted on ticket,False,case-5E7E2093E5,1190
case-E8F6C5D109,2025-02-23 18:19:00,2025-02,2025Q1,customer-D5AAED9D87,order-FA193956C9,order-FA193956C9,order_id,6649.0,GW-OTHER,N,sku-01786EAD00,Strata 3 Over-Ear Headphones,agent-CE76EFF670,Logistics,Logistics,legacy_fd,ambiguous,Ambiguous,Note mentions a replacement; unclear if sent,note mentions replacement/reship; flag N (unclear whether one was sent),agent note,False,quoted on ticket,True,,2990
case-C6539629D8,2025-02-25 18:31:00,2025-02,2025Q1,customer-6A79875A77,order-15B454CE94,order-15B454CE94,order_id,1619.0,GW-OTHER,N,sku-78E801A36D,AirLite Earbuds,agent-B57F209F90,Billing,Billing,helpdesk,ambiguous,Ambiguous,Refund here; replacement on another ticket of same order,"same order_id: refund here, replacement_issued=Y on another ticket (may be separate incident)",cross-ticket/order evidence (order_id quoted on ticket),False,quoted on ticket,False,case-81078DC074,1100
case-AF8C259342,2025-03-05 22:25:00,2025-03,2025Q1,customer-E19BA96372,order-02F5D50C86,order-02F5D50C86,fallback_cust_sku,6649.0,DUP-PAYMENT,N,sku-01786EAD00,Strata 3 Over-Ear Headphones,agent-6FE707AC1C,Chat Frontline,Email Frontline,legacy_fd,ambiguous,Ambiguous,Refund here; replacement on another ticket of same order,"same order_id: refund here, replacement_issued=Y on another ticket (may be separate incident)",cross-ticket/order evidence (order inferred from customer+SKU),False,inferred (customer+SKU),False,case-CBE093A082,2990
case-B2D59EA71B,2025-03-07 19:17:00,2025-03,2025Q1,customer-2651DA8FA1,order-460BC0905E,order-460BC0905E,fallback_cust_sku,750.0,DUP-PAYMENT,N,sku-F61459CA52,65W GaN Charger,agent-94D955F3D8,Email Frontline,Billing,legacy_fd,ambiguous,Ambiguous,Refund here; replacement on another ticket of same order,"same order_id: refund here, replacement_issued=Y on another ticket (may be separate incident)",cross-ticket/order evidence (order inferred from customer+SKU),False,inferred (customer+SKU),False,case-29F9473F06,950
case-7845C9DE90,2025-03-08 08:21:00,2025-03,2025Q1,customer-8E6F8283A5,order-B917C9901D,order-B917C9901D,order_id,6499.0,DUP-PAYMENT,N,sku-7D5C409757,Nexa 2 Smartwatch,agent-C8B243A426,Billing,Billing,legacy_fd,ambiguous,Ambiguous,Refund here; replacement on another ticket of same order,"same order_id: refund here, replacement_issued=Y on another ticket (may be separate incident)",cross-ticket/order evidence (order_id quoted on ticket),False,quoted on ticket,False,case-654920638D,2790
case-7E02190AB2,2025-03-11 19:40:00,2025-03,2025Q1,customer-5176FC9E67,order-386BC77300,order-386BC77300,order_id,1619.0,RETURN-QC-OK,N,sku-78E801A36D,AirLite Earbuds,agent-266DE49821,Returns Desk,Returns Desk,legacy_fd,ambiguous,Ambiguous,Refund here; replacement on another ticket of same order,"same order_id: refund here, replacement_issued=Y on another ticket (may be separate incident)",cross-ticket/order evidence (order_id quoted on ticket),False,quoted on ticket,False,case-4A184860AE,1100
case-278F8B3D3E,2025-03-26 09:51:00,2025-03,2025Q1,customer-857B996098,order-ADBD5FF7E7,order-ADBD5FF7E7,order_id,6174.0,PRICE-ADJ,N,sku-7D5C409757,Nexa 2 Smartwatch,agent-C8B243A426,Billing,Billing,legacy_fd,ambiguous,Ambiguous,Refund here; replacement on another ticket of same order,"same order_id: refund here, replacement_issued=Y on another ticket (may be separate incident)",cross-ticket/order evidence (order_id quoted on ticket),True,quoted on ticket,False,case-72DD54FBE5,2790
case-678ABCC5A6,2025-03-26 22:23:00,2025-03,2025Q1,customer-44DF4CA427,order-3223ACD9F8,order-3223ACD9F8,order_id,3500.0,GW-OTHER,N,sku-01786EAD00,Strata 3 Over-Ear Headphones,agent-1D9D0979BF,Billing,Billing,legacy_fd,ambiguous,Ambiguous,Refund here; replacement on another ticket of same order,"same order_id: refund here, replacement_issued=Y on another ticket (may be separate incident)",cross-ticket/order evidence (order_id quoted on ticket),False,quoted on ticket,False,case-93C577147A,2990
case-FA62A70EE0,2025-03-27 13:50:00,2025-03,2025Q1,customer-39A04444CC,order-EB80AD8F18,order-EB80AD8F18,fallback_cust_sku,1799.0,GW-OTHER,N,sku-78E801A36D,AirLite Earbuds,agent-4D3361BC6C,Billing,Billing,helpdesk,ambiguous,Ambiguous,Refund here; replacement on another ticket of same order,"same order_id: refund here, replacement_issued=Y on another ticket (may be separate incident)",cross-ticket/order evidence (order inferred from customer+SKU),False,inferred (customer+SKU),False,case-607BDAAAD0,1100
case-762FCA8E42,2025-03-28 20:48:00,2025-03,2025Q1,customer-D880057681,order-2D09280463,order-2D09280463,order_id,2249.0,GW-OTHER,N,sku-25C24EEA39,Pulse True Wireless Earbuds,agent-F4A0834255,Chat Frontline,Chat Frontline,legacy_fd,ambiguous,Ambiguous,Note mentions a replacement; unclear if sent,note mentions replacement/reship; flag N (unclear whether one was sent),agent note,False,quoted on ticket,True,,1460
case-4BBE7EC01B,2025-04-07 19:16:00,2025-04,2025Q2,customer-CAFDF553C2,order-7A45E4FB70,order-7A45E4FB70,order_id,800.0,CANCEL,N,sku-25C24EEA39,Pulse True Wireless Earbuds,agent-CE76EFF670,Logistics,Logistics,legacy_fd,ambiguous,Ambiguous,Refund here; replacement on another ticket of same order,"same order_id: refund here, replacement_issued=Y on another ticket (may be separate incident)",cross-ticket/order evidence (order_id quoted on ticket),True,quoted on ticket,False,case-576C8595B3,1460
case-D89CE4E611,2025-04-09 14:11:00,2025-04,2025Q2,customer-CAFDF553C2,order-7A45E4FB70,order-7A45E4FB70,order_id,3998.0,RETURN-QC-OK,N,sku-25C24EEA39,Pulse True Wireless Earbuds,agent-266DE49821,Returns Desk,Returns Desk,legacy_fd,ambiguous,Ambiguous,Refund here; replacement on another ticket of same order,"same order_id: refund here, replacement_issued=Y on another ticket (may be separate incident)",cross-ticket/order evidence (order_id quoted on ticket),False,quoted on ticket,False,case-576C8595B3,1460
case-FC9D2D0F96,2025-04-12 13:47:00,2025-04,2025Q2,customer-FA2D8A08A7,order-9AD94312B2,order-9AD94312B2,fallback_cust_sku,800.0,GW-OTHER,N,sku-21A83778E7,Nexa Fit Band,agent-51B9A9155D,Logistics,Logistics,legacy_fd,ambiguous,Ambiguous,Note mentions a replacement; unclear if sent,note mentions replacement/reship; flag N (unclear whether one was sent),agent note,True,inferred (customer+SKU),True,,1190
case-998EA4D582,2025-04-19 18:13:00,2025-04,2025Q2,customer-E3FE3E48C9,order-D60F66EAFD,order-D60F66EAFD,order_id,1799.0,PRICE-ADJ,N,sku-78E801A36D,AirLite Earbuds,agent-B57F209F90,Billing,Billing,legacy_fd,ambiguous,Ambiguous,Refund here; replacement on another ticket of same order,"same order_id: refund here, replacement_issued=Y on another ticket (may be separate incident)",cross-ticket/order evidence (order_id quoted on ticket),False,quoted on ticket,False,case-252B0586ED,1100
case-404B2782A6,2025-04-24 08:28:00,2025-04,2025Q2,customer-E6B1202804,order-70D04B9485,order-70D04B9485,order_id,4249.0,CANCEL,N,sku-1D523A6F85,Strata 2 Over-Ear Headphones,agent-867063819F,Chat Frontline,Chat Frontline,legacy_fd,ambiguous,Ambiguous,Refund here; replacement on another ticket of same order,"same order_id: refund here, replacement_issued=Y on another ticket (may be separate incident)",cross-ticket/order evidence (order_id quoted on ticket),False,quoted on ticket,False,case-1AC6134387,2440
case-5968E70718,2025-04-29 03:55:00,2025-04,2025Q2,customer-907ABA21C4,order-D75E94B699,order-D75E94B699,fallback_cust_sku,2249.0,GW-OTHER,N,sku-3AEE721165,Orbit Mini Speaker,agent-4D3361BC6C,Billing,Billing,legacy_fd,ambiguous,Ambiguous,Refund here; replacement on another ticket of same order,"same order_id: refund here, replacement_issued=Y on another ticket (may be separate incident)",cross-ticket/order evidence (order inferred from customer+SKU),False,inferred (customer+SKU),False,case-99399B3BD8,1320
case-31F73EEF22,2025-04-29 22:07:00,2025-04,2025Q2,customer-7D1CC009C6,order-C5CFB1BBFB,order-C5CFB1BBFB,order_id,6499.0,DUP-PAYMENT,N,sku-7D5C409757,Nexa 2 Smartwatch,agent-C8B243A426,Billing,Billing,helpdesk,ambiguous,Ambiguous,Refund here; replacement on another ticket of same order,"same order_id: refund here, replacement_issued=Y on another ticket (may be separate incident)",cross-ticket/order evidence (order_id quoted on ticket),False,quoted on ticket,False,case-95886A2111,2790
case-96AD454E74,2025-05-01 20:25:00,2025-05,2025Q2,customer-AD88A866A9,order-721C0F7CBF,order-721C0F7CBF,fallback_cust_sku,5999.0,GW-OTHER,N,sku-CE854858DB,Orbit Smart Speaker,agent-266DE49821,Returns Desk,Returns Desk,legacy_fd,ambiguous,Ambiguous,Refund here; replacement on another ticket of same order,"same order_id: refund here, replacement_issued=Y on another ticket (may be separate incident)",cross-ticket/order evidence (order inferred from customer+SKU),False,inferred (customer+SKU),False,case-EFF33999E0,2640
case-88A36880A1,2025-05-03 15:59:00,2025-05,2025Q2,customer-A13F0A30E9,order-E7E80728CF,order-E7E80728CF,fallback_cust_sku,750.0,GW-OTHER,N,sku-F61459CA52,65W GaN Charger,agent-0677E1B0C2,Chat Frontline,Chat Frontline,legacy_fd,ambiguous,Ambiguous,Refund here; replacement on another ticket of same order,"same order_id: refund here, replacement_issued=Y on another ticket (may be separate incident)",cross-ticket/order evidence (order inferred from customer+SKU),True,inferred (customer+SKU),False,case-DDD6E64F85,950
case-BAD96A4156,2025-05-07 09:32:00,2025-05,2025Q2,customer-36E86094E0,order-249BB818CD,order-249BB818CD,fallback_cust_sku,780.0,LOST-TRANSIT,N,sku-7D5C409757,Nexa 2 Smartwatch,agent-51B9A9155D,Logistics,Logistics,legacy_fd,ambiguous,Ambiguous,Refund here; replacement on another ticket of same order,"same order_id: refund here, replacement_issued=Y on another ticket (may be separate incident)",cross-ticket/order evidence (order inferred from customer+SKU),False,inferred (customer+SKU),False,case-25CB838D13,2790
case-F798373AE2,2025-05-12 13:03:00,2025-05,2025Q2,customer-1CDF26E0FD,order-CE9B48D2E8,order-CE9B48D2E8,order_id,975.0,GW-OTHER,N,sku-7D5C409757,Nexa 2 Smartwatch,agent-1D9D0979BF,Billing,Billing,legacy_fd,ambiguous,Ambiguous,Refund here; replacement on another ticket of same order,"same order_id: refund here, replacement_issued=Y on another ticket (may be separate incident)",cross-ticket/order evidence (order_id quoted on ticket),True,quoted on ticket,False,case-7444945579,2790
case-B142F0D864,2025-05-16 14:55:00,2025-05,2025Q2,customer-92879B24F9,order-01B1548110,order-01B1548110,order_id,2499.0,GW-OTHER,N,sku-3AEE721165,Orbit Mini Speaker,agent-CE76EFF670,Logistics,Logistics,legacy_fd,ambiguous,Ambiguous,Refund here; replacement on another ticket of same order,"same order_id: refund here, replacement_issued=Y on another ticket (may be separate incident)",cross-ticket/order evidence (order_id quoted on ticket),False,quoted on ticket,False,case-9A57C10892,1320
case-CBD000BA48,2025-05-22 14:33:00,2025-05,2025Q2,customer-8D18D40B13,order-037A98F28D,order-037A98F28D,order_id,810.0,RETURN-QC-OK,N,sku-78E801A36D,AirLite Earbuds,agent-266DE49821,Returns Desk,Returns Desk,legacy_fd,ambiguous,Ambiguous,Refund here; replacement on another ticket of same order,"same order_id: refund here, replacement_issued=Y on another ticket (may be separate incident)",cross-ticket/order evidence (order_id quoted on ticket),False,quoted on ticket,False,case-FEF660943A,1100
case-E6B205DA9D,2025-05-22 18:16:00,2025-05,2025Q2,customer-B51F202565,order-A382AE7967,order-A382AE7967,order_id,319.0,GW-OTHER,N,sku-25C24EEA39,Pulse True Wireless Earbuds,agent-266DE49821,Returns Desk,Returns Desk,legacy_fd,ambiguous,Ambiguous,Refund here; replacement on another ticket of same order,"same order_id: refund here, replacement_issued=Y on another ticket (may be separate incident)",cross-ticket/order evidence (order_id quoted on ticket),False,quoted on ticket,False,case-4184385DB2,1460
case-D186C45289,2025-05-25 15:37:00,2025-05,2025Q2,customer-FED890E383,order-8705DEAFCE,order-8705DEAFCE,fallback_cust_sku,6174.0,CANCEL,N,sku-7D5C409757,Nexa 2 Smartwatch,agent-2C389F865D,Voice Frontline,Voice Frontline,legacy_fd,ambiguous,Ambiguous,Refund here; replacement on another ticket of same order,"same order_id: refund here, replacement_issued=Y on another ticket (may be separate incident)",cross-ticket/order evidence (order inferred from customer+SKU),False,inferred (customer+SKU),False,case-FD18421F0C,2790
case-2ED6430B73,2025-05-28 19:39:00,2025-05,2025Q2,customer-4558238F16,order-5FACA08346,order-5FACA08346,order_id,1799.0,CANCEL,N,sku-21A83778E7,Nexa Fit Band,agent-CE76EFF670,Logistics,Logistics,legacy_fd,ambiguous,Ambiguous,Refund here; replacement on another ticket of same order,"same order_id: refund here, replacement_issued=Y on another ticket (may be separate incident)",cross-ticket/order evidence (order_id quoted on ticket),False,quoted on ticket,False,case-94143601D5,1190
case-1AC113F711,2025-06-01 12:41:00,2025-06,2025Q2,customer-6A62D85F5C,order-B05F44AD2A,order-B05F44AD2A,order_id,5849.0,GW-OTHER,N,sku-7D5C409757,Nexa 2 Smartwatch,agent-4458F7DBB1,Logistics,Logistics,legacy_fd,ambiguous,Ambiguous,Refund here; replacement on another ticket of same order,"same order_id: refund here, replacement_issued=Y on another ticket (may be separate incident)",cross-ticket/order evidence (order_id quoted on ticket),False,quoted on ticket,False,case-16BC51189C,2790
case-C943699C9F,2025-06-01 21:27:00,2025-06,2025Q2,customer-92879B24F9,order-01B1548110,order-01B1548110,fallback_cust_sku,375.0,GW-OTHER,N,sku-3AEE721165,Orbit Mini Speaker,agent-8DD1B16EC9,Returns Desk,Returns Desk,legacy_fd,ambiguous,Ambiguous,Refund here; replacement on another ticket of same order,"same order_id: refund here, replacement_issued=Y on another ticket (may be separate incident)",cross-ticket/order evidence (order inferred from customer+SKU),True,inferred (customer+SKU),False,case-9A57C10892,1320
case-7C32D99495,2025-06-03 11:16:00,2025-06,2025Q2,customer-25ACDD4303,order-C4C4910A75,order-C4C4910A75,order_id,4248.0,RETURN-QC-OK,N,sku-25C24EEA39,Pulse True Wireless Earbuds,agent-266DE49821,Returns Desk,Returns Desk,legacy_fd,ambiguous,Ambiguous,Refund here; replacement on another ticket of same order,"same order_id: refund here, replacement_issued=Y on another ticket (may be separate incident)",cross-ticket/order evidence (order_id quoted on ticket),False,quoted on ticket,False,case-9A4E39340D,1460
case-DBAA3BC2B1,2025-06-04 21:21:00,2025-06,2025Q2,customer-E908E7D0B6,order-18634CB40B,order-18634CB40B,order_id,2974.0,DUP-PAYMENT,N,sku-01786EAD00,Strata 3 Over-Ear Headphones,agent-F4A0834255,Chat Frontline,Chat Frontline,legacy_fd,ambiguous,Ambiguous,Refund here; replacement on another ticket of same order,"same order_id: refund here, replacement_issued=Y on another ticket (may be separate incident)",cross-ticket/order evidence (order_id quoted on ticket),False,quoted on ticket,False,case-FF3D1A73C6,2990
case-809F1A1031,2025-06-05 18:15:00,2025-06,2025Q2,customer-74106AA957,order-1B95B07584,order-1B95B07584,order_id,1999.0,GW-OTHER,N,sku-25C24EEA39,Pulse True Wireless Earbuds,agent-CAD0283874,Email Frontline,Email Frontline,legacy_fd,ambiguous,Ambiguous,Refund here; replacement on another ticket of same order,"same order_id: refund here, replacement_issued=Y on another ticket (may be separate incident)",cross-ticket/order evidence (order_id quoted on ticket),False,quoted on ticket,False,case-C67AD50422,1460
case-48658409E7,2025-06-10 07:58:00,2025-06,2025Q2,customer-EFA8E43C71,order-09900B25E0,order-09900B25E0,order_id,2374.0,RETURN-QC-OK,N,sku-3AEE721165,Orbit Mini Speaker,agent-51B9A9155D,Logistics,Logistics,helpdesk,ambiguous,Ambiguous,Note mentions a replacement; unclear if sent,note mentions replacement/reship; flag N (unclear whether one was sent),agent note,False,quoted on ticket,True,,1320
case-271E71B7B2,2025-06-10 10:24:00,2025-06,2025Q2,customer-CC13630017,order-53E2443D1C,order-53E2443D1C,order_id,6999.0,DOA-REPL,N,sku-01786EAD00,Strata 3 Over-Ear Headphones,agent-2E6CFE0BA4,Logistics,Logistics,helpdesk,ambiguous,Ambiguous,Refund here; replacement on another ticket of same order,"same order_id: refund here, replacement_issued=Y on another ticket (may be separate incident)",cross-ticket/order evidence (order_id quoted on ticket),False,quoted on ticket,False,case-35095F65CB,2990
case-6C86E48E6E,2025-06-17 09:36:00,2025-06,2025Q2,customer-F55261A006,order-0DB48A543E,order-0DB48A543E,order_id,1999.0,GW-OTHER,N,sku-21A83778E7,Nexa Fit Band,agent-8DD1B16EC9,Returns Desk,Returns Desk,legacy_fd,ambiguous,Ambiguous,Refund here; replacement on another ticket of same order,"same order_id: refund here, replacement_issued=Y on another ticket (may be separate incident)",cross-ticket/order evidence (order_id quoted on ticket),False,quoted on ticket,False,case-F1A5FD0B83,1190
case-75FAFF68D8,2025-06-19 18:26:00,2025-06,2025Q2,customer-4558238F16,order-5FACA08346,order-5FACA08346,order_id,1799.0,RETURN-QC-OK,N,sku-21A83778E7,Nexa Fit Band,agent-B57F209F90,Billing,Billing,helpdesk,ambiguous,Ambiguous,Refund here; replacement on another ticket of same order,"same order_id: refund here, replacement_issued=Y on another ticket (may be separate incident)",cross-ticket/order evidence (order_id quoted on ticket),False,quoted on ticket,False,case-94143601D5,1190
case-475620A51A,2025-06-21 11:36:00,2025-06,2025Q2,customer-6A62D85F5C,order-B05F44AD2A,order-B05F44AD2A,order_id,5849.0,RETURN-QC-OK,N,sku-7D5C409757,Nexa 2 Smartwatch,agent-266DE49821,Returns Desk,Returns Desk,legacy_fd,ambiguous,Ambiguous,Refund here; replacement on another ticket of same order,"same order_id: refund here, replacement_issued=Y on another ticket (may be separate incident)",cross-ticket/order evidence (order_id quoted on ticket),False,quoted on ticket,False,case-16BC51189C,2790
case-5364FD6C7B,2025-06-29 19:29:00,2025-06,2025Q2,customer-3F0EF7341B,order-534998BB98,order-534998BB98,order_id,1799.0,GW-OTHER,N,sku-78E801A36D,AirLite Earbuds,agent-B57F209F90,Billing,Billing,helpdesk,ambiguous,Ambiguous,Refund here; replacement on another ticket of same order,"same order_id: refund here, replacement_issued=Y on another ticket (may be separate incident)",cross-ticket/order evidence (order_id quoted on ticket),False,quoted on ticket,False,case-310BC7FF2B,1100
case-15EB696D45,2025-07-02 22:04:00,2025-07,2025Q3,customer-F84D8DC6FD,order-F81836321D,order-F81836321D,order_id,4999.0,CANCEL,N,sku-DCFE0FA4B3,Nexa Smartwatch,agent-6FE707AC1C,Chat Frontline,Chat Frontline,helpdesk,ambiguous,Ambiguous,Refund here; replacement on another ticket of same order,"same order_id: refund here, replacement_issued=Y on another ticket (may be separate incident)",cross-ticket/order evidence (order_id quoted on ticket),False,quoted on ticket,False,case-8A9A3E3940,2240
case-89FA3D440C,2025-07-04 12:33:00,2025-07,2025Q3,customer-31476630C3,order-2EA7A1DD07,order-2EA7A1DD07,order_id,780.0,RETURN-QC-OK,N,sku-7D5C409757,Nexa 2 Smartwatch,agent-8D2E651818,Chat Frontline,Returns Desk,legacy_fd,ambiguous,Ambiguous,Refund here; replacement on another ticket of same order,"same order_id: refund here, replacement_issued=Y on another ticket (may be separate incident)",cross-ticket/order evidence (order_id quoted on ticket),True,quoted on ticket,False,case-D365B2FD55,2790
case-4923EB2DF5,2025-07-05 14:32:00,2025-07,2025Q3,customer-18A0586347,order-54F7E01A47,order-54F7E01A47,fallback_cust_sku,6999.0,LOST-TRANSIT,N,sku-01786EAD00,Strata 3 Over-Ear Headphones,agent-CE76EFF670,Logistics,Logistics,legacy_fd,ambiguous,Ambiguous,Note mentions a replacement; unclear if sent,note mentions replacement/reship; flag N (unclear whether one was sent),agent note,False,inferred (customer+SKU),True,,2990
case-3C40A79262,2025-07-10 17:04:00,2025-07,2025Q3,customer-3F0EF7341B,order-534998BB98,order-534998BB98,order_id,1799.0,CANCEL,N,sku-78E801A36D,AirLite Earbuds,agent-FD8B6215AA,Chat Frontline,Chat Frontline,legacy_fd,ambiguous,Ambiguous,Refund here; replacement on another ticket of same order,"same order_id: refund here, replacement_issued=Y on another ticket (may be separate incident)",cross-ticket/order evidence (order_id quoted on ticket),False,quoted on ticket,False,case-310BC7FF2B,1100
case-0CFC51F075,2025-07-15 17:12:00,2025-07,2025Q3,customer-CAF5B9899C,order-8EBC829F6B,order-8EBC829F6B,order_id,1799.0,DUP-PAYMENT,N,sku-78E801A36D,AirLite Earbuds,agent-0677E1B0C2,Chat Frontline,Chat Frontline,legacy_fd,ambiguous,Ambiguous,Refund here; replacement on another ticket of same order,"same order_id: refund here, replacement_issued=Y on another ticket (may be separate incident)",cross-ticket/order evidence (order_id quoted on ticket),False,quoted on ticket,False,case-2F2CF0673A,1100
case-F5C0E5CBE4,2025-07-18 12:12:00,2025-07,2025Q3,customer-B9D08041B8,order-17EB2A3802,order-17EB2A3802,order_id,6174.0,GW-OTHER,N,sku-7D5C409757,Nexa 2 Smartwatch,agent-8D2E651818,Chat Frontline,Chat Frontline,legacy_fd,ambiguous,Ambiguous,Refund here; replacement on another ticket of same order,"same order_id: refund here, replacement_issued=Y on another ticket (may be separate incident)",cross-ticket/order evidence (order_id quoted on ticket),False,quoted on ticket,False,case-149B695EA5,2790
case-13E0FAC2C9,2025-07-18 17:58:00,2025-07,2025Q3,customer-8875D39EBF,order-5B75CC7711,order-5B75CC7711,order_id,6174.0,GW-OTHER,N,sku-7D5C409757,Nexa 2 Smartwatch,agent-2913D1607A,Escalations & Warranty,Escalations & Warranty,legacy_fd,ambiguous,Ambiguous,Note mentions a replacement; unclear if sent,note mentions replacement/reship; flag N (unclear whether one was sent),agent note,False,quoted on ticket,True,,2790
case-340359DB38,2025-07-27 09:06:00,2025-07,2025Q3,customer-13C4BE4514,order-A6DEBD738D,order-A6DEBD738D,order_id,3499.0,PRICE-ADJ,N,sku-4B6D1659BB,Pulse 2 True Wireless Earbuds,agent-4D3361BC6C,Billing,Billing,helpdesk,ambiguous,Ambiguous,Refund here; replacement on another ticket of same order,"same order_id: refund here, replacement_issued=Y on another ticket (may be separate incident)",cross-ticket/order evidence (order_id quoted on ticket),False,quoted on ticket,False,case-C81541DCDA,1820
case-C7B0D6D281,2025-07-29 10:09:00,2025-07,2025Q3,customer-428BB685DE,order-4751BBAF14,order-4751BBAF14,order_id,6499.0,GW-OTHER,N,sku-7D5C409757,Nexa 2 Smartwatch,agent-C8B243A426,Billing,Billing,legacy_fd,ambiguous,Ambiguous,Refund here; replacement on another ticket of same order,"same order_id: refund here, replacement_issued=Y on another ticket (may be separate incident)",cross-ticket/order evidence (order_id quoted on ticket),False,quoted on ticket,False,case-D334372A46,2790
case-9B908F4700,2025-07-29 10:32:00,2025-07,2025Q3,customer-CB6DAEC2A9,order-6D1B106D01,order-6D1B106D01,fallback_cust_sku,475.0,CANCEL,N,sku-25C24EEA39,Pulse True Wireless Earbuds,agent-74E8D5BD49,Logistics,Logistics,legacy_fd,ambiguous,Ambiguous,Refund here; replacement on another ticket of same order,"same order_id: refund here, replacement_issued=Y on another ticket (may be separate incident)",cross-ticket/order evidence (order inferred from customer+SKU),False,inferred (customer+SKU),False,case-0C512B1C75,1460
case-34495A7942,2025-08-02 09:55:00,2025-08,2025Q3,customer-7D1CC009C6,order-E635AC7FAC,order-E635AC7FAC,order_id,2799.0,RETURN-QC-OK,N,sku-4B6D1659BB,Pulse 2 True Wireless Earbuds,agent-4458F7DBB1,Logistics,Logistics,legacy_fd,ambiguous,Ambiguous,Refund here; replacement on another ticket of same order,"same order_id: refund here, replacement_issued=Y on another ticket (may be separate incident)",cross-ticket/order evidence (order_id quoted on ticket),True,quoted on ticket,False,case-14C89AB7D3,1820
case-8DF308A70C,2025-08-02 22:24:00,2025-08,2025Q3,customer-428BB685DE,order-4751BBAF14,order-4751BBAF14,fallback_cust_sku,6499.0,CANCEL,N,sku-7D5C409757,Nexa 2 Smartwatch,agent-20E7E3F166,Email Frontline,Chat Frontline,helpdesk,ambiguous,Ambiguous,Refund here; replacement on another ticket of same order,"same order_id: refund here, replacement_issued=Y on another ticket (may be separate incident)",cross-ticket/order evidence (order inferred from customer+SKU),False,inferred (customer+SKU),False,case-D334372A46,2790
case-EFC5D9CB58,2025-08-03 13:30:00,2025-08,2025Q3,customer-688EBE0632,order-30D6C8DEFD,order-30D6C8DEFD,order_id,3149.0,GW-OTHER,N,sku-4B6D1659BB,Pulse 2 True Wireless Earbuds,agent-CE76EFF670,Logistics,Logistics,legacy_fd,ambiguous,Ambiguous,Note mentions a replacement; unclear if sent,note mentions replacement/reship; flag N (unclear whether one was sent),agent note,False,quoted on ticket,True,,1820
case-73AA482EC8,2025-08-03 20:15:00,2025-08,2025Q3,customer-127A6430E2,order-F306E50640,order-F306E50640,fallback_cust_sku,1750.0,RETURN-QC-OK,N,sku-4B6D1659BB,Pulse 2 True Wireless Earbuds,agent-C48C9AEC6C,Returns Desk,Returns Desk,legacy_fd,ambiguous,Ambiguous,Refund here; replacement on another ticket of same order,"same order_id: refund here, replacement_issued=Y on another ticket (may be separate incident)",cross-ticket/order evidence (order inferred from customer+SKU),False,inferred (customer+SKU),False,case-BF4CF146CF,1820
case-2B0543B86D,2025-08-04 14:26:00,2025-08,2025Q3,customer-8B84106072,order-E498EFDF5D,order-E498EFDF5D,order_id,3149.0,LOST-TRANSIT,N,sku-4B6D1659BB,Pulse 2 True Wireless Earbuds,agent-CE76EFF670,Logistics,Logistics,legacy_fd,ambiguous,Ambiguous,Refund here; replacement on another ticket of same order,"same order_id: refund here, replacement_issued=Y on another ticket (may be separate incident)",cross-ticket/order evidence (order_id quoted on ticket),False,quoted on ticket,False,case-D02B8095EE,1820
case-168562F90A,2025-08-07 16:25:00,2025-08,2025Q3,customer-2E06DAB52D,order-555A0336D8,order-555A0336D8,order_id,2878.0,PRICE-ADJ,N,sku-78E801A36D,AirLite Earbuds,agent-C2250AB9A2,Chat Frontline,Chat Frontline,legacy_fd,ambiguous,Ambiguous,Refund here; replacement on another ticket of same order,"same order_id: refund here, replacement_issued=Y on another ticket (may be separate incident)",cross-ticket/order evidence (order_id quoted on ticket),False,quoted on ticket,False,case-12ECBF2CBC,1100
case-2460B7497A,2025-08-11 16:38:00,2025-08,2025Q3,customer-466504B3B4,order-33E97C7E8F,order-33E97C7E8F,fallback_cust_sku,2374.0,GW-OTHER,N,sku-3AEE721165,Orbit Mini Speaker,agent-05E479EE73,Chat Frontline,Returns Desk,legacy_fd,ambiguous,Ambiguous,Refund here; replacement on another ticket of same order,"same order_id: refund here, replacement_issued=Y on another ticket (may be separate incident)",cross-ticket/order evidence (order inferred from customer+SKU),False,inferred (customer+SKU),False,case-9D9A5F049D,1320
case-0491777B73,2025-08-15 02:48:00,2025-08,2025Q3,customer-A27DDE87E9,order-F1F92298C1,order-F1F92298C1,fallback_cust_sku,500.0,RETURN-QC-OK,N,sku-3AEE721165,Orbit Mini Speaker,agent-1D9D0979BF,Billing,Returns Desk,legacy_fd,ambiguous,Ambiguous,Refund here; replacement on another ticket of same order,"same order_id: refund here, replacement_issued=Y on another ticket (may be separate incident)",cross-ticket/order evidence (order inferred from customer+SKU),False,inferred (customer+SKU),False,case-D02A176AF1,1320
case-C0B9FCA098,2025-08-15 18:47:00,2025-08,2025Q3,customer-D5EA5072F2,order-15E4DECA89,order-15E4DECA89,order_id,2499.0,RETURN-QC-OK,N,sku-25C24EEA39,Pulse True Wireless Earbuds,agent-266DE49821,Returns Desk,Returns Desk,legacy_fd,ambiguous,Ambiguous,Refund here; replacement on another ticket of same order,"same order_id: refund here, replacement_issued=Y on another ticket (may be separate incident)",cross-ticket/order evidence (order_id quoted on ticket),False,quoted on ticket,False,case-9960CCBEA8,1460
case-3228936700,2025-08-18 17:51:00,2025-08,2025Q3,customer-D7C461DBF3,order-D8035FBECD,order-D8035FBECD,order_id,2249.0,GW-OTHER,N,sku-3AEE721165,Orbit Mini Speaker,agent-F4A0834255,Chat Frontline,Chat Frontline,helpdesk,ambiguous,Ambiguous,Note mentions a replacement; unclear if sent,note mentions replacement/reship; flag N (unclear whether one was sent),agent note,False,quoted on ticket,True,,1320
case-1C46525E80,2025-08-21 09:00:00,2025-08,2025Q3,customer-9EEDA65420,order-A4839720FA,order-A4839720FA,fallback_cust_sku,2799.0,RETURN-QC-OK,N,sku-4B6D1659BB,Pulse 2 True Wireless Earbuds,agent-8DD1B16EC9,Returns Desk,Returns Desk,helpdesk,ambiguous,Ambiguous,Refund here; replacement on another ticket of same order,"same order_id: refund here, replacement_issued=Y on another ticket (may be separate incident)",cross-ticket/order evidence (order inferred from customer+SKU),False,inferred (customer+SKU),False,case-7E8499E929,1820
case-644CECBA4B,2025-08-21 14:33:00,2025-08,2025Q3,customer-8B84106072,order-45464EC8FC,order-45464EC8FC,order_id,1400.0,GW-OTHER,N,sku-4B6D1659BB,Pulse 2 True Wireless Earbuds,agent-99D1C33C65,Chat Frontline,Chat Frontline,legacy_fd,ambiguous,Ambiguous,Refund here; replacement on another ticket of same order,"same order_id: refund here, replacement_issued=Y on another ticket (may be separate incident)",cross-ticket/order evidence (order_id quoted on ticket),False,quoted on ticket,False,case-52A9705580,1820
case-54610A5F18,2025-08-24 08:05:00,2025-08,2025Q3,customer-CC204E12F8,order-292228BCB0,order-292228BCB0,fallback_cust_sku,1574.0,RETURN-QC-OK,N,sku-4B6D1659BB,Pulse 2 True Wireless Earbuds,agent-C8B243A426,Billing,Billing,legacy_fd,ambiguous,Ambiguous,Refund here; replacement on another ticket of same order,"same order_id: refund here, replacement_issued=Y on another ticket (may be separate incident)",cross-ticket/order evidence (order inferred from customer+SKU),False,inferred (customer+SKU),False,case-70D0E0C318,1820
case-573BCA11D4,2025-08-24 10:07:00,2025-08,2025Q3,customer-02E51BE854,order-57B02FD0C6,order-57B02FD0C6,order_id,3999.0,RETURN-QC-OK,N,sku-1D523A6F85,Strata 2 Over-Ear Headphones,agent-8DD1B16EC9,Returns Desk,Returns Desk,legacy_fd,ambiguous,Ambiguous,Refund here; replacement on another ticket of same order,"same order_id: refund here, replacement_issued=Y on another ticket (may be separate incident)",cross-ticket/order evidence (order_id quoted on ticket),False,quoted on ticket,False,case-FA3897E071,2440
case-523B6F74A9,2025-08-25 13:07:00,2025-08,2025Q3,customer-00055BC5DC,order-A6D58373B4,order-A6D58373B4,order_id,2499.0,GW-OTHER,N,sku-25C24EEA39,Pulse True Wireless Earbuds,agent-867063819F,Chat Frontline,Chat Frontline,legacy_fd,ambiguous,Ambiguous,Refund here; replacement on another ticket of same order,"same order_id: refund here, replacement_issued=Y on another ticket (may be separate incident)",cross-ticket/order evidence (order_id quoted on ticket),False,quoted on ticket,False,case-04CC062F1B,1460
case-A77EC227AA,2025-08-27 12:19:00,2025-08,2025Q3,customer-5697D3207E,order-F4CC15CCB4,order-F4CC15CCB4,order_id,1999.0,GW-OTHER,N,sku-21A83778E7,Nexa Fit Band,agent-4D3361BC6C,Billing,Billing,helpdesk,ambiguous,Ambiguous,Refund here; replacement on another ticket of same order,"same order_id: refund here, replacement_issued=Y on another ticket (may be separate incident)",cross-ticket/order evidence (order_id quoted on ticket),False,quoted on ticket,False,case-79660A99C9,1190
case-92E1C8BC54,2025-08-27 19:29:00,2025-08,2025Q3,customer-85092A3725,order-E32C1AFC46,order-E32C1AFC46,fallback_cust_sku,2799.0,RETURN-QC-OK,N,sku-4B6D1659BB,Pulse 2 True Wireless Earbuds,agent-266DE49821,Returns Desk,Returns Desk,legacy_fd,ambiguous,Ambiguous,Refund here; replacement on another ticket of same order,"same order_id: refund here, replacement_issued=Y on another ticket (may be separate incident)",cross-ticket/order evidence (order inferred from customer+SKU),False,inferred (customer+SKU),False,case-F688A85EEB,1820
case-25C5296735,2025-09-01 19:30:00,2025-09,2025Q3,customer-3713FDA7C6,order-6B56FCBA62,order-6B56FCBA62,order_id,3149.0,DUP-PAYMENT,N,sku-4B6D1659BB,Pulse 2 True Wireless Earbuds,agent-B57F209F90,Billing,Billing,legacy_fd,ambiguous,Ambiguous,Refund here; replacement on another ticket of same order,"same order_id: refund here, replacement_issued=Y on another ticket (may be separate incident)",cross-ticket/order evidence (order_id quoted on ticket),False,quoted on ticket,False,case-B96B175A08,1820
case-B02921EB34,2025-09-02 07:46:00,2025-09,2025Q3,customer-531022988E,order-C5D2D07D90,order-C5D2D07D90,order_id,4999.0,DOA-REPL,N,sku-1D523A6F85,Strata 2 Over-Ear Headphones,agent-2E6CFE0BA4,Logistics,Logistics,legacy_fd,ambiguous,Ambiguous,Note mentions a replacement; unclear if sent,note mentions replacement/reship; flag N (unclear whether one was sent),agent note,False,quoted on ticket,True,,2440
case-B9990F2E20,2025-09-07 11:38:00,2025-09,2025Q3,customer-FAA52C83D4,order-56163A6154,order-56163A6154,order_id,2499.0,LOST-TRANSIT,N,sku-3AEE721165,Orbit Mini Speaker,agent-4458F7DBB1,Logistics,Logistics,legacy_fd,ambiguous,Ambiguous,Note mentions a replacement; unclear if sent,note mentions replacement/reship; flag N (unclear whether one was sent),agent note,False,quoted on ticket,True,,1320
case-9CD31E8055,2025-09-11 11:11:00,2025-09,2025Q3,customer-11C27B9FDE,order-5AFE06B88B,order-5AFE06B88B,order_id,2499.0,DUP-PAYMENT,N,sku-25C24EEA39,Pulse True Wireless Earbuds,agent-C8B243A426,Billing,Billing,legacy_fd,ambiguous,Ambiguous,Refund here; replacement on another ticket of same order,"same order_id: refund here, replacement_issued=Y on another ticket (may be separate incident)",cross-ticket/order evidence (order_id quoted on ticket),False,quoted on ticket,False,case-F79A0079E5,1460
case-98F2B5EDDE,2025-09-13 21:27:00,2025-09,2025Q3,customer-E963D32FA2,order-7B9CB16196,order-7B9CB16196,order_id,6174.0,GW-OTHER,N,sku-7D5C409757,Nexa 2 Smartwatch,agent-12C1E04FFA,Chat Frontline,Voice Frontline,legacy_fd,ambiguous,Ambiguous,Refund here; replacement on another ticket of same order,"same order_id: refund here, replacement_issued=Y on another ticket (may be separate incident)",cross-ticket/order evidence (order_id quoted on ticket),True,quoted on ticket,False,case-EB9F10E6EF,2790
case-BEB92823A7,2025-09-14 12:40:00,2025-09,2025Q3,customer-A0506D40DE,order-420D326F25,order-420D326F25,order_id,319.0,CANCEL,N,sku-25C24EEA39,Pulse True Wireless Earbuds,agent-8D2E651818,Chat Frontline,Chat Frontline,helpdesk,ambiguous,Ambiguous,Refund here; replacement on another ticket of same order,"same order_id: refund here, replacement_issued=Y on another ticket (may be separate incident)",cross-ticket/order evidence (order_id quoted on ticket),False,quoted on ticket,False,case-C47F8D2EB7,1460
case-C9CBC712FE,2025-09-19 13:07:00,2025-09,2025Q3,customer-1EAF1D5BC5,order-EA0F1BD0B7,order-EA0F1BD0B7,order_id,360.0,RETURN-QC-OK,N,sku-78E801A36D,AirLite Earbuds,agent-8DD1B16EC9,Returns Desk,Returns Desk,helpdesk,ambiguous,Ambiguous,Refund here; replacement on another ticket of same order,"same order_id: refund here, replacement_issued=Y on another ticket (may be separate incident)",cross-ticket/order evidence (order_id quoted on ticket),False,quoted on ticket,False,case-556027F2A9,1100
case-6F67185E94,2025-09-19 23:55:00,2025-09,2025Q3,customer-3859FC04E7,order-504E606FEF,order-504E606FEF,fallback_cust_sku,2374.0,RETURN-QC-OK,N,sku-3AEE721165,Orbit Mini Speaker,agent-C48C9AEC6C,Returns Desk,Returns Desk,helpdesk,ambiguous,Ambiguous,Refund here; replacement on another ticket of same order,"same order_id: refund here, replacement_issued=Y on another ticket (may be separate incident)",cross-ticket/order evidence (order inferred from customer+SKU),False,inferred (customer+SKU),False,case-814A8B20EB,1320
case-1E3986764B,2025-09-21 10:34:00,2025-09,2025Q3,customer-9C5DCC2599,order-7EF7CEC42F,order-7EF7CEC42F,order_id,700.0,WTY-BUYBACK,N,sku-4B6D1659BB,Pulse 2 True Wireless Earbuds,agent-333BBC740C,Voice Frontline,Voice Frontline,helpdesk,ambiguous,Ambiguous,Refund here; replacement on another ticket of same order,"same order_id: refund here, replacement_issued=Y on another ticket (may be separate incident)",cross-ticket/order evidence (order_id quoted on ticket),False,quoted on ticket,False,case-642F9BF97C,1820
case-3FFE325977,2025-09-24 17:44:00,2025-09,2025Q3,customer-FF9D31EEB7,order-0AE7888651,order-0AE7888651,order_id,520.0,GW-OTHER,N,sku-97DA30AB66,Arc Neckband,agent-0677E1B0C2,Chat Frontline,Chat Frontline,helpdesk,ambiguous,Ambiguous,Refund here; replacement on another ticket of same order,"same order_id: refund here, replacement_issued=Y on another ticket (may be separate incident)",cross-ticket/order evidence (order_id quoted on ticket),False,quoted on ticket,False,case-A724F5BD49,880
case-6E90242930,2025-09-27 11:34:00,2025-09,2025Q3,customer-6C71BE898C,order-105C45E46C,order-105C45E46C,fallback_cust_sku,3499.0,GW-OTHER,N,sku-4B6D1659BB,Pulse 2 True Wireless Earbuds,agent-8DD1B16EC9,Returns Desk,Returns Desk,helpdesk,ambiguous,Ambiguous,Refund here; replacement on another ticket of same order,"same order_id: refund here, replacement_issued=Y on another ticket (may be separate incident)",cross-ticket/order evidence (order inferred from customer+SKU),False,inferred (customer+SKU),False,case-90326AC709,1820
case-72FBC3097F,2025-09-28 01:27:00,2025-09,2025Q3,customer-7C86E95148,order-3BB8CD82AE,order-3BB8CD82AE,fallback_cust_sku,1234.0,GW-OTHER,N,sku-97DA30AB66,Arc Neckband,agent-8186D4526C,Chat Frontline,Email Frontline,helpdesk,ambiguous,Ambiguous,Refund here; replacement on another ticket of same order,"same order_id: refund here, replacement_issued=Y on another ticket (may be separate incident)",cross-ticket/order evidence (order inferred from customer+SKU),False,inferred (customer+SKU),False,case-CA99A19C38,880
case-96E432FC79,2025-10-03 16:30:00,2025-10,2025Q4,customer-B52B82FC0C,order-EE832A0D88,order-EE832A0D88,order_id,200.0,RETURN-QC-OK,N,sku-21A83778E7,Nexa Fit Band,agent-266DE49821,Returns Desk,Returns Desk,helpdesk,ambiguous,Ambiguous,Refund here; replacement on another ticket of same order,"same order_id: refund here, replacement_issued=Y on another ticket (may be separate incident)",cross-ticket/order evidence (order_id quoted on ticket),False,quoted on ticket,False,case-BF5159AABE,1190
case-911DF2073C,2025-10-07 09:57:00,2025-10,2025Q4,customer-4E7E5ACA14,order-019514671D,order-019514671D,order_id,3499.0,RETURN-QC-OK,N,sku-4B6D1659BB,Pulse 2 True Wireless Earbuds,agent-C48C9AEC6C,Returns Desk,Returns Desk,helpdesk,ambiguous,Ambiguous,Refund here; replacement on another ticket of same order,"same order_id: refund here, replacement_issued=Y on another ticket (may be separate incident)",cross-ticket/order evidence (order_id quoted on ticket),False,quoted on ticket,False,case-CA245D4252,1820
case-E2AFBE228E,2025-10-14 13:32:00,2025-10,2025Q4,customer-22EEE6B43F,order-8740DFB7FC,order-8740DFB7FC,order_id,1999.0,DUP-PAYMENT,N,sku-25C24EEA39,Pulse True Wireless Earbuds,agent-CAD0283874,Email Frontline,Email Frontline,helpdesk,ambiguous,Ambiguous,Refund here; replacement on another ticket of same order,"same order_id: refund here, replacement_issued=Y on another ticket (may be separate incident)",cross-ticket/order evidence (order_id quoted on ticket),False,quoted on ticket,False,case-E50871D1BC,1460
case-CC194385F7,2025-10-17 10:10:00,2025-10,2025Q4,customer-AAE3635B8C,order-E1134DFB00,order-E1134DFB00,fallback_cust_sku,3149.0,GW-OTHER,N,sku-4B6D1659BB,Pulse 2 True Wireless Earbuds,agent-51B9A9155D,Logistics,Logistics,helpdesk,ambiguous,Ambiguous,Refund here; replacement on another ticket of same order,"same order_id: refund here, replacement_issued=Y on another ticket (may be separate incident)",cross-ticket/order evidence (order inferred from customer+SKU),False,inferred (customer+SKU),False,case-6E14F53CA3,1820
case-BA8A45702D,2025-10-18 14:14:00,2025-10,2025Q4,customer-6F6E6FD2EF,order-B94FD45C7C,order-B94FD45C7C,order_id,3499.0,GW-OTHER,N,sku-4B6D1659BB,Pulse 2 True Wireless Earbuds,agent-CAD0283874,Email Frontline,Email Frontline,helpdesk,ambiguous,Ambiguous,Refund here; replacement on another ticket of same order,"same order_id: refund here, replacement_issued=Y on another ticket (may be separate incident)",cross-ticket/order evidence (order_id quoted on ticket),False,quoted on ticket,False,case-9A4C64F19B,1820
case-07C64EB0DB,2025-10-20 10:46:00,2025-10,2025Q4,customer-70162167E0,order-15D2FEA3B4,order-15D2FEA3B4,order_id,2799.0,PRICE-ADJ,N,sku-4B6D1659BB,Pulse 2 True Wireless Earbuds,agent-05E479EE73,Chat Frontline,Chat Frontline,helpdesk,ambiguous,Ambiguous,Refund here; replacement on another ticket of same order,"same order_id: refund here, replacement_issued=Y on another ticket (may be separate incident)",cross-ticket/order evidence (order_id quoted on ticket),True,quoted on ticket,False,case-597C691DDD,1820
case-3B6E8D2EFE,2025-10-23 11:21:00,2025-10,2025Q4,customer-6081758039,order-190186AD99,order-190186AD99,order_id,2499.0,GW-OTHER,N,sku-25C24EEA39,Pulse True Wireless Earbuds,agent-4D3361BC6C,Billing,Billing,helpdesk,ambiguous,Ambiguous,Refund here; replacement on another ticket of same order,"same order_id: refund here, replacement_issued=Y on another ticket (may be separate incident)",cross-ticket/order evidence (order_id quoted on ticket),False,quoted on ticket,False,case-26B5EF8B8C,1460
case-C64AC4A3F2,2025-10-23 12:35:00,2025-10,2025Q4,customer-F6900976C7,order-D20CAEDB24,order-D20CAEDB24,order_id,665.0,DUP-PAYMENT,N,sku-01786EAD00,Strata 3 Over-Ear Headphones,agent-C8B243A426,Billing,Billing,helpdesk,ambiguous,Ambiguous,Refund here; replacement on another ticket of same order,"same order_id: refund here, replacement_issued=Y on another ticket (may be separate incident)",cross-ticket/order evidence (order_id quoted on ticket),False,quoted on ticket,False,case-0C05DEC7A2,2990
case-9CF2600BA8,2025-10-27 16:49:00,2025-10,2025Q4,customer-9F4A8B71A0,order-086DFF645C,order-086DFF645C,order_id,3499.0,DOA-REPL,N,sku-4B6D1659BB,Pulse 2 True Wireless Earbuds,agent-CE76EFF670,Logistics,Logistics,helpdesk,ambiguous,Ambiguous,Refund here; replacement on another ticket of same order,"same order_id: refund here, replacement_issued=Y on another ticket (may be separate incident)",cross-ticket/order evidence (order_id quoted on ticket),False,quoted on ticket,False,case-2854AF0308,1820
case-F33647A5BA,2025-10-28 15:00:00,2025-10,2025Q4,customer-4C38054586,order-ED0DA78F78,order-ED0DA78F78,fallback_cust_sku,2249.0,CANCEL,N,sku-3AEE721165,Orbit Mini Speaker,agent-FD8B6215AA,Chat Frontline,Chat Frontline,helpdesk,ambiguous,Ambiguous,Refund here; replacement on another ticket of same order,"same order_id: refund here, replacement_issued=Y on another ticket (may be separate incident)",cross-ticket/order evidence (order inferred from customer+SKU),False,inferred (customer+SKU),False,case-232F2EB2C8,1320
case-FD63105B66,2025-10-30 09:06:00,2025-10,2025Q4,customer-798BB55642,order-2174A4A033,order-2174A4A033,fallback_cust_sku,1039.0,GW-OTHER,N,sku-97DA30AB66,Arc Neckband,agent-8DD1B16EC9,Returns Desk,Returns Desk,helpdesk,ambiguous,Ambiguous,Refund here; replacement on another ticket of same order,"same order_id: refund here, replacement_issued=Y on another ticket (may be separate incident)",cross-ticket/order evidence (order inferred from customer+SKU),False,inferred (customer+SKU),False,case-D74C31A2D3,880
case-9A01E9F5F4,2025-10-31 06:50:00,2025-10,2025Q4,customer-8129F14FE0,order-DE8DA347A9,order-DE8DA347A9,fallback_cust_sku,499.0,GW-OTHER,N,sku-4B6D1659BB,Pulse 2 True Wireless Earbuds,agent-C8B243A426,Billing,Billing,helpdesk,ambiguous,Ambiguous,Refund here; replacement on another ticket of same order,"same order_id: refund here, replacement_issued=Y on another ticket (may be separate incident)",cross-ticket/order evidence (order inferred from customer+SKU),False,inferred (customer+SKU),False,case-162A4DA314,1820
case-1D4C7472ED,2025-11-01 14:20:00,2025-11,2025Q4,customer-6B4C72B791,order-2F7E57AA88,order-2F7E57AA88,order_id,1260.0,DOA-REPL,N,sku-01786EAD00,Strata 3 Over-Ear Headphones,agent-CE76EFF670,Logistics,Logistics,helpdesk,ambiguous,Ambiguous,Note mentions a replacement; unclear if sent,note mentions replacement/reship; flag N (unclear whether one was sent),agent note,False,quoted on ticket,True,,2990
case-585252C0B4,2025-11-04 12:06:00,2025-11,2025Q4,customer-BD4AF68D0B,order-9C4B177233,order-9C4B177233,order_id,5524.0,DOA-REPL,N,sku-7D5C409757,Nexa 2 Smartwatch,agent-2E6CFE0BA4,Logistics,Logistics,helpdesk,ambiguous,Ambiguous,Refund here; replacement on another ticket of same order,"same order_id: refund here, replacement_issued=Y on another ticket (may be separate incident)",cross-ticket/order evidence (order_id quoted on ticket),False,quoted on ticket,False,case-166242FDB6,2790
case-19C76C24E9,2025-11-04 12:45:00,2025-11,2025Q4,customer-ACF40A1672,order-5994FEA841,order-5994FEA841,order_id,617.0,GW-OTHER,N,sku-7D5C409757,Nexa 2 Smartwatch,agent-BE73516C67,Escalations & Warranty,Escalations & Warranty,helpdesk,ambiguous,Ambiguous,Note mentions a replacement; unclear if sent,note mentions replacement/reship; flag N (unclear whether one was sent),agent note,False,quoted on ticket,True,,2790
case-440A41CB18,2025-11-07 12:19:00,2025-11,2025Q4,customer-EA836609B0,order-BC872D13CB,order-BC872D13CB,order_id,617.0,DUP-PAYMENT,N,sku-7D5C409757,Nexa 2 Smartwatch,agent-4D3361BC6C,Billing,Billing,helpdesk,ambiguous,Ambiguous,Refund here; replacement on another ticket of same order,"same order_id: refund here, replacement_issued=Y on another ticket (may be separate incident)",cross-ticket/order evidence (order_id quoted on ticket),False,quoted on ticket,False,case-023B207F62,2790
case-D2AB12FEAB,2025-11-12 07:32:00,2025-11,2025Q4,customer-707D630860,order-D02A5DE6AB,order-D02A5DE6AB,fallback_cust_sku,3324.0,DUP-PAYMENT,N,sku-4B6D1659BB,Pulse 2 True Wireless Earbuds,agent-4D3361BC6C,Billing,Billing,helpdesk,ambiguous,Ambiguous,Refund here; replacement on another ticket of same order,"same order_id: refund here, replacement_issued=Y on another ticket (may be separate incident)",cross-ticket/order evidence (order inferred from customer+SKU),False,inferred (customer+SKU),False,case-5CAA627629,1820
case-20E77BE64E,2025-11-12 15:15:00,2025-11,2025Q4,customer-D587FCE3A9,order-B1ADD01316,order-B1ADD01316,order_id,375.0,GW-OTHER,N,sku-25C24EEA39,Pulse True Wireless Earbuds,agent-B57F209F90,Billing,Billing,helpdesk,ambiguous,Ambiguous,Refund here; replacement on another ticket of same order,"same order_id: refund here, replacement_issued=Y on another ticket (may be separate incident)",cross-ticket/order evidence (order_id quoted on ticket),False,quoted on ticket,False,case-6C7E670F55,1460
case-076796EFCD,2025-11-14 19:22:00,2025-11,2025Q4,customer-EB8F2FCD02,order-0DFB9F38A1,order-0DFB9F38A1,order_id,1709.0,GW-OTHER,N,sku-78E801A36D,AirLite Earbuds,agent-266DE49821,Returns Desk,Returns Desk,helpdesk,ambiguous,Ambiguous,Refund here; replacement on another ticket of same order,"same order_id: refund here, replacement_issued=Y on another ticket (may be separate incident)",cross-ticket/order evidence (order_id quoted on ticket),False,quoted on ticket,False,case-40E1B96CEA,1100
case-44298B47CF,2025-11-15 00:59:00,2025-11,2025Q4,customer-EB8F2FCD02,order-55C0241757,order-55C0241757,order_id,6174.0,DUP-PAYMENT,N,sku-7D5C409757,Nexa 2 Smartwatch,agent-12C1E04FFA,Chat Frontline,Chat Frontline,helpdesk,ambiguous,Ambiguous,Refund here; replacement on another ticket of same order,"same order_id: refund here, replacement_issued=Y on another ticket (may be separate incident)",cross-ticket/order evidence (order_id quoted on ticket),False,quoted on ticket,False,case-2BF91CD7D8,2790
case-9170AAEE15,2025-11-15 14:55:00,2025-11,2025Q4,customer-0C19573FC1,order-0EA26C0E36,order-0EA26C0E36,order_id,3499.0,GW-OTHER,N,sku-4B6D1659BB,Pulse 2 True Wireless Earbuds,agent-B57F209F90,Billing,Billing,helpdesk,ambiguous,Ambiguous,Refund here; replacement on another ticket of same order,"same order_id: refund here, replacement_issued=Y on another ticket (may be separate incident)",cross-ticket/order evidence (order_id quoted on ticket),False,quoted on ticket,False,case-3FC68348F4,1820
case-96B5764C9E,2025-11-18 16:54:00,2025-11,2025Q4,customer-67D8DFDA9D,order-839D249377,order-839D249377,fallback_cust_sku,3499.0,GW-OTHER,N,sku-4B6D1659BB,Pulse 2 True Wireless Earbuds,agent-99D1C33C65,Chat Frontline,Chat Frontline,helpdesk,ambiguous,Ambiguous,Refund here; replacement on another ticket of same order,"same order_id: refund here, replacement_issued=Y on another ticket (may be separate incident)",cross-ticket/order evidence (order inferred from customer+SKU),False,inferred (customer+SKU),False,case-B36EDA5E0E,1820
case-7B8A20B52D,2025-11-19 22:58:00,2025-11,2025Q4,customer-67C3EF09D2,order-59E07E2C9F,order-59E07E2C9F,order_id,3499.0,CANCEL,N,sku-4B6D1659BB,Pulse 2 True Wireless Earbuds,agent-12C1E04FFA,Chat Frontline,Chat Frontline,helpdesk,ambiguous,Ambiguous,Refund here; replacement on another ticket of same order,"same order_id: refund here, replacement_issued=Y on another ticket (may be separate incident)",cross-ticket/order evidence (order_id quoted on ticket),False,quoted on ticket,False,case-F83B6FF684,1820
case-7C4E0D0135,2025-11-22 19:24:00,2025-11,2025Q4,customer-5126F1D520,order-0ACB6DB203,order-0ACB6DB203,fallback_cust_sku,2799.0,WTY-BUYBACK,N,sku-4B6D1659BB,Pulse 2 True Wireless Earbuds,agent-0677E1B0C2,Chat Frontline,Chat Frontline,helpdesk,ambiguous,Ambiguous,Refund here; replacement on another ticket of same order,"same order_id: refund here, replacement_issued=Y on another ticket (may be separate incident)",cross-ticket/order evidence (order inferred from customer+SKU),False,inferred (customer+SKU),False,case-A83AFB10AA,1820
case-74F63F06C5,2025-11-24 22:05:00,2025-11,2025Q4,customer-8EFA73C177,order-E479570D5B,order-E479570D5B,order_id,3149.0,RETURN-QC-OK,N,sku-4B6D1659BB,Pulse 2 True Wireless Earbuds,agent-C48C9AEC6C,Returns Desk,Returns Desk,helpdesk,ambiguous,Ambiguous,Refund here; replacement on another ticket of same order,"same order_id: refund here, replacement_issued=Y on another ticket (may be separate incident)",cross-ticket/order evidence (order_id quoted on ticket),False,quoted on ticket,False,case-49C7059A2E,1820
case-81C903128F,2025-11-26 08:34:00,2025-11,2025Q4,customer-1492B54F89,order-D2D07D1199,order-D2D07D1199,order_id,250.0,RETURN-QC-OK,N,sku-25C24EEA39,Pulse True Wireless Earbuds,agent-C48C9AEC6C,Returns Desk,Returns Desk,helpdesk,ambiguous,Ambiguous,Refund here; replacement on another ticket of same order,"same order_id: refund here, replacement_issued=Y on another ticket (may be separate incident)",cross-ticket/order evidence (order_id quoted on ticket),False,quoted on ticket,False,case-987F41F347,1460
case-BA64216AC6,2025-11-26 11:46:00,2025-11,2025Q4,customer-180F949866,order-0D810CBF1C,order-0D810CBF1C,order_id,6298.0,GW-OTHER,N,sku-4B6D1659BB,Pulse 2 True Wireless Earbuds,agent-4D3361BC6C,Billing,Billing,helpdesk,ambiguous,Ambiguous,Refund here; replacement on another ticket of same order,"same order_id: refund here, replacement_issued=Y on another ticket (may be separate incident)",cross-ticket/order evidence (order_id quoted on ticket),False,quoted on ticket,False,case-A6DFF95F5D,1820
case-889AF8B31E,2025-11-26 17:13:00,2025-11,2025Q4,customer-541DA86964,order-AC0077F2B5,order-AC0077F2B5,fallback_cust_sku,3499.0,GW-OTHER,N,sku-4B6D1659BB,Pulse 2 True Wireless Earbuds,agent-CE76EFF670,Logistics,Logistics,helpdesk,ambiguous,Ambiguous,Note mentions a replacement; unclear if sent,note mentions replacement/reship; flag N (unclear whether one was sent),agent note,False,inferred (customer+SKU),True,,1820
case-D14358EAB2,2025-11-28 12:29:00,2025-11,2025Q4,customer-455BB48714,order-E14B8686FF,order-E14B8686FF,order_id,2374.0,RETURN-QC-OK,N,sku-3AEE721165,Orbit Mini Speaker,agent-266DE49821,Returns Desk,Returns Desk,helpdesk,ambiguous,Ambiguous,Refund here; replacement on another ticket of same order,"same order_id: refund here, replacement_issued=Y on another ticket (may be separate incident)",cross-ticket/order evidence (order_id quoted on ticket),False,quoted on ticket,False,case-B2F31EF957,1320
case-AE8034E41F,2025-11-30 13:08:00,2025-11,2025Q4,customer-F7E0657B3A,order-9A9895AA4B,order-9A9895AA4B,order_id,6499.0,RETURN-QC-OK,N,sku-7D5C409757,Nexa 2 Smartwatch,agent-1D9D0979BF,Billing,Billing,helpdesk,ambiguous,Ambiguous,Refund here; replacement on another ticket of same order,"same order_id: refund here, replacement_issued=Y on another ticket (may be separate incident)",cross-ticket/order evidence (order_id quoted on ticket),False,quoted on ticket,False,case-409B229BE1,2790
case-844D5BE686,2025-12-01 10:36:00,2025-12,2025Q4,customer-D7A077DB8E,order-EBBCE6F464,order-EBBCE6F464,fallback_cust_sku,4499.0,LOST-TRANSIT,N,sku-1D523A6F85,Strata 2 Over-Ear Headphones,agent-51B9A9155D,Logistics,Logistics,helpdesk,ambiguous,Ambiguous,Refund here; replacement on another ticket of same order,"same order_id: refund here, replacement_issued=Y on another ticket (may be separate incident)",cross-ticket/order evidence (order inferred from customer+SKU),False,inferred (customer+SKU),False,case-38A49F2C89,2440
case-F0A2007864,2025-12-03 12:48:00,2025-12,2025Q4,customer-C156C0A712,order-95CBD83B66,order-95CBD83B66,order_id,2249.0,GW-OTHER,N,sku-25C24EEA39,Pulse True Wireless Earbuds,agent-4D3361BC6C,Billing,Billing,helpdesk,ambiguous,Ambiguous,Refund here; replacement on another ticket of same order,"same order_id: refund here, replacement_issued=Y on another ticket (may be separate incident)",cross-ticket/order evidence (order_id quoted on ticket),False,quoted on ticket,False,case-9DC6BCC8C1,1460
case-9F45DEA998,2025-12-04 19:39:00,2025-12,2025Q4,customer-FEE0B8EAF3,order-08321CBB6A,order-08321CBB6A,fallback_cust_sku,1104.0,GW-OTHER,N,sku-97DA30AB66,Arc Neckband,agent-2C389F865D,Voice Frontline,Voice Frontline,helpdesk,ambiguous,Ambiguous,Refund here; replacement on another ticket of same order,"same order_id: refund here, replacement_issued=Y on another ticket (may be separate incident)",cross-ticket/order evidence (order inferred from customer+SKU),False,inferred (customer+SKU),False,case-2F4C926A13,880
case-2106184161,2025-12-09 20:22:00,2025-12,2025Q4,customer-BBE46D36CC,order-317A2436AC,order-317A2436AC,order_id,200.0,RETURN-QC-OK,N,sku-52390C68FD,USB-C Braided Cable,agent-C48C9AEC6C,Returns Desk,Returns Desk,helpdesk,ambiguous,Ambiguous,Refund here; replacement on another ticket of same order,"same order_id: refund here, replacement_issued=Y on another ticket (may be separate incident)",cross-ticket/order evidence (order_id quoted on ticket),False,quoted on ticket,False,case-AB99EFB975,430
case-6D2950860B,2025-12-13 22:31:00,2025-12,2025Q4,customer-B1B9706021,order-26B8B8AE56,order-26B8B8AE56,order_id,350.0,CANCEL,N,sku-4B6D1659BB,Pulse 2 True Wireless Earbuds,agent-51B9A9155D,Logistics,Logistics,helpdesk,ambiguous,Ambiguous,Refund here; replacement on another ticket of same order,"same order_id: refund here, replacement_issued=Y on another ticket (may be separate incident)",cross-ticket/order evidence (order_id quoted on ticket),False,quoted on ticket,False,case-484FF0E5BA,1820
case-4DF04F40E6,2025-12-17 22:15:00,2025-12,2025Q4,customer-1F07F3346B,order-49251DD994,order-49251DD994,order_id,6649.0,GW-OTHER,N,sku-01786EAD00,Strata 3 Over-Ear Headphones,agent-8DD1B16EC9,Returns Desk,Returns Desk,helpdesk,ambiguous,Ambiguous,Refund here; replacement on another ticket of same order,"same order_id: refund here, replacement_issued=Y on another ticket (may be separate incident)",cross-ticket/order evidence (order_id quoted on ticket),False,quoted on ticket,False,case-C9F81C2053,2990
case-98CC0B6CE8,2025-12-18 22:23:00,2025-12,2025Q4,customer-62B54C693A,order-C5848A65A6,order-C5848A65A6,fallback_cust_sku,3149.0,DUP-PAYMENT,N,sku-4B6D1659BB,Pulse 2 True Wireless Earbuds,agent-4D3361BC6C,Billing,Billing,helpdesk,ambiguous,Ambiguous,Refund here; replacement on another ticket of same order,"same order_id: refund here, replacement_issued=Y on another ticket (may be separate incident)",cross-ticket/order evidence (order inferred from customer+SKU),False,inferred (customer+SKU),False,case-E415A44464,1820
case-3B6499FA5F,2025-12-19 08:27:00,2025-12,2025Q4,customer-03E0445D0D,order-D7E51245E6,order-D7E51245E6,fallback_cust_sku,1709.0,GW-OTHER,N,sku-78E801A36D,AirLite Earbuds,agent-4D3361BC6C,Billing,Billing,helpdesk,ambiguous,Ambiguous,Refund here; replacement on another ticket of same order,"same order_id: refund here, replacement_issued=Y on another ticket (may be separate incident)",cross-ticket/order evidence (order inferred from customer+SKU),False,inferred (customer+SKU),False,case-F777BFD59F,1100
case-A77239A29E,2025-12-25 16:31:00,2025-12,2025Q4,customer-D610002A09,order-1C28242B3B,order-1C28242B3B,order_id,1299.0,DUP-PAYMENT,N,sku-97DA30AB66,Arc Neckband,agent-0677E1B0C2,Chat Frontline,Chat Frontline,helpdesk,ambiguous,Ambiguous,Refund here; replacement on another ticket of same order,"same order_id: refund here, replacement_issued=Y on another ticket (may be separate incident)",cross-ticket/order evidence (order_id quoted on ticket),False,quoted on ticket,False,case-E274D93F05,880
case-A306E0430B,2025-12-28 12:52:00,2025-12,2025Q4,customer-F42837EA2E,order-F63F552B60,order-F63F552B60,order_id,6174.0,CANCEL,N,sku-7D5C409757,Nexa 2 Smartwatch,agent-C8B243A426,Billing,Billing,helpdesk,ambiguous,Ambiguous,Refund here; replacement on another ticket of same order,"same order_id: refund here, replacement_issued=Y on another ticket (may be separate incident)",cross-ticket/order evidence (order_id quoted on ticket),False,quoted on ticket,False,case-4BD02A29E7,2790
case-206285822A,2025-12-29 07:19:00,2025-12,2025Q4,customer-1F9812C945,order-6357343A70,order-6357343A70,fallback_cust_sku,2124.0,GW-OTHER,N,sku-25C24EEA39,Pulse True Wireless Earbuds,agent-C48C9AEC6C,Returns Desk,Returns Desk,helpdesk,ambiguous,Ambiguous,Note mentions a replacement; unclear if sent,note mentions replacement/reship; flag N (unclear whether one was sent),agent note,False,inferred (customer+SKU),True,,1460
case-CCB212D952,2026-01-01 18:13:00,2026-01,2026Q1,customer-8836815CD2,order-81D637CFDA,order-81D637CFDA,fallback_cust_sku,3499.0,RETURN-QC-OK,N,sku-4B6D1659BB,Pulse 2 True Wireless Earbuds,agent-266DE49821,Returns Desk,Returns Desk,helpdesk,ambiguous,Ambiguous,Refund here; replacement on another ticket of same order,"same order_id: refund here, replacement_issued=Y on another ticket (may be separate incident)",cross-ticket/order evidence (order inferred from customer+SKU),True,inferred (customer+SKU),False,case-ADEB712399,1820
case-84463C6A72,2026-01-02 06:38:00,2026-01,2026Q1,customer-01799111A3,order-C5F2F34792,order-C5F2F34792,fallback_cust_sku,3149.0,GW-OTHER,N,sku-4B6D1659BB,Pulse 2 True Wireless Earbuds,agent-CAD0283874,Email Frontline,Email Frontline,helpdesk,ambiguous,Ambiguous,Refund here; replacement on another ticket of same order,"same order_id: refund here, replacement_issued=Y on another ticket (may be separate incident)",cross-ticket/order evidence (order inferred from customer+SKU),False,inferred (customer+SKU),False,case-6B035C6EC2,1820
case-C988B73F8B,2026-01-02 21:17:00,2026-01,2026Q1,customer-881EB08963,order-6C14167891,order-6C14167891,order_id,3324.0,RETURN-QC-OK,N,sku-4B6D1659BB,Pulse 2 True Wireless Earbuds,agent-CE76EFF670,Logistics,Logistics,helpdesk,ambiguous,Ambiguous,Refund here; replacement on another ticket of same order,"same order_id: refund here, replacement_issued=Y on another ticket (may be separate incident)",cross-ticket/order evidence (order_id quoted on ticket),False,quoted on ticket,False,case-3A97C8DCC6,1820
case-89C497EA70,2026-01-04 08:54:00,2026-01,2026Q1,customer-930035BA42,order-4F6E1B8903,order-4F6E1B8903,order_id,700.0,CANCEL,N,sku-4B6D1659BB,Pulse 2 True Wireless Earbuds,agent-8D2E651818,Chat Frontline,Chat Frontline,helpdesk,ambiguous,Ambiguous,Refund here; replacement on another ticket of same order,"same order_id: refund here, replacement_issued=Y on another ticket (may be separate incident)",cross-ticket/order evidence (order_id quoted on ticket),False,quoted on ticket,False,case-4E70291F42,1820
case-6AE38A1920,2026-01-04 15:57:00,2026-01,2026Q1,customer-162379D3F3,order-6EF8297EA5,order-6EF8297EA5,order_id,1699.0,CANCEL,N,sku-21A83778E7,Nexa Fit Band,agent-CAD0283874,Email Frontline,Email Frontline,helpdesk,ambiguous,Ambiguous,Refund here; replacement on another ticket of same order,"same order_id: refund here, replacement_issued=Y on another ticket (may be separate incident)",cross-ticket/order evidence (order_id quoted on ticket),False,quoted on ticket,False,case-36A2FF48E3,1190
case-4184055E10,2026-01-04 21:28:00,2026-01,2026Q1,customer-DDC9EA8137,order-D032B22DFE,order-D032B22DFE,fallback_cust_sku,1999.0,RETURN-QC-OK,N,sku-25C24EEA39,Pulse True Wireless Earbuds,agent-C48C9AEC6C,Returns Desk,Returns Desk,helpdesk,ambiguous,Ambiguous,Refund here; replacement on another ticket of same order,"same order_id: refund here, replacement_issued=Y on another ticket (may be separate incident)",cross-ticket/order evidence (order inferred from customer+SKU),True,inferred (customer+SKU),False,case-8484D802B9,1460
case-F31734064F,2026-01-11 14:54:00,2026-01,2026Q1,customer-06EFDC7A90,order-F13C425F3A,order-F13C425F3A,fallback_cust_sku,6999.0,GW-OTHER,N,sku-01786EAD00,Strata 3 Over-Ear Headphones,agent-266DE49821,Returns Desk,Returns Desk,helpdesk,ambiguous,Ambiguous,Refund here; replacement on another ticket of same order,"same order_id: refund here, replacement_issued=Y on another ticket (may be separate incident)",cross-ticket/order evidence (order inferred from customer+SKU),False,inferred (customer+SKU),False,case-1F4B48C35E,2990
case-B305E656E1,2026-01-13 08:42:00,2026-01,2026Q1,customer-83F2F4FDE0,order-213BAD3594,order-213BAD3594,order_id,2499.0,RETURN-QC-OK,N,sku-3AEE721165,Orbit Mini Speaker,agent-8DD1B16EC9,Returns Desk,Returns Desk,helpdesk,ambiguous,Ambiguous,Refund here; replacement on another ticket of same order,"same order_id: refund here, replacement_issued=Y on another ticket (may be separate incident)",cross-ticket/order evidence (order_id quoted on ticket),False,quoted on ticket,False,case-3F7AD16EC6,1320
case-0123CF2996,2026-01-20 11:52:00,2026-01,2026Q1,customer-802FFEB82B,order-3D0690C5B7,order-3D0690C5B7,fallback_cust_sku,4999.0,DUP-PAYMENT,N,sku-1D523A6F85,Strata 2 Over-Ear Headphones,agent-1D9D0979BF,Billing,Billing,helpdesk,ambiguous,Ambiguous,Refund here; replacement on another ticket of same order,"same order_id: refund here, replacement_issued=Y on another ticket (may be separate incident)",cross-ticket/order evidence (order inferred from customer+SKU),False,inferred (customer+SKU),False,case-777883496D,2440
case-6F68B67757,2026-01-24 09:40:00,2026-01,2026Q1,customer-8B84106072,order-E498EFDF5D,order-E498EFDF5D,order_id,3149.0,WTY-BUYBACK,N,sku-4B6D1659BB,Pulse 2 True Wireless Earbuds,agent-1CD1933598,Escalations & Warranty,Escalations & Warranty,helpdesk,ambiguous,Ambiguous,Refund here; replacement on another ticket of same order,"same order_id: refund here, replacement_issued=Y on another ticket (may be separate incident)",cross-ticket/order evidence (order_id quoted on ticket),False,quoted on ticket,False,case-D02B8095EE,1820
case-D93C041B22,2026-01-26 08:14:00,2026-01,2026Q1,customer-D5D2ECF0CA,order-CE4EB90B4C,order-CE4EB90B4C,order_id,2799.0,GW-OTHER,N,sku-4B6D1659BB,Pulse 2 True Wireless Earbuds,agent-8DD1B16EC9,Returns Desk,Returns Desk,helpdesk,ambiguous,Ambiguous,Refund here; replacement on another ticket of same order,"same order_id: refund here, replacement_issued=Y on another ticket (may be separate incident)",cross-ticket/order evidence (order_id quoted on ticket),False,quoted on ticket,False,case-D841733F51,1820
case-C8AD5EDE9A,2026-01-26 15:28:00,2026-01,2026Q1,customer-36A906DAA0,order-4B0FA07B56,order-4B0FA07B56,order_id,400.0,PRICE-ADJ,N,sku-DCFE0FA4B3,Nexa Smartwatch,agent-25CFA1B7B8,Chat Frontline,Chat Frontline,helpdesk,ambiguous,Ambiguous,Refund here; replacement on another ticket of same order,"same order_id: refund here, replacement_issued=Y on another ticket (may be separate incident)",cross-ticket/order evidence (order_id quoted on ticket),False,quoted on ticket,False,case-58153AB34E,2240
case-1F3692C746,2026-01-29 10:08:00,2026-01,2026Q1,customer-6DEC4F1E8E,order-54C7D543F5,order-54C7D543F5,fallback_cust_sku,2468.0,DUP-PAYMENT,N,sku-97DA30AB66,Arc Neckband,agent-32566DEF47,Chat Frontline,Chat Frontline,helpdesk,ambiguous,Ambiguous,Refund here; replacement on another ticket of same order,"same order_id: refund here, replacement_issued=Y on another ticket (may be separate incident)",cross-ticket/order evidence (order inferred from customer+SKU),False,inferred (customer+SKU),False,case-C206FEF599,880
case-FEA86423AD,2026-01-29 19:58:00,2026-01,2026Q1,customer-CEB95C8A47,order-42544E1114,order-42544E1114,order_id,2499.0,GW-OTHER,N,sku-3AEE721165,Orbit Mini Speaker,agent-C48C9AEC6C,Returns Desk,Returns Desk,helpdesk,ambiguous,Ambiguous,Refund here; replacement on another ticket of same order,"same order_id: refund here, replacement_issued=Y on another ticket (may be separate incident)",cross-ticket/order evidence (order_id quoted on ticket),False,quoted on ticket,False,case-153E0672C4,1320
case-BA5FB82599,2026-01-29 23:47:00,2026-01,2026Q1,customer-A51DC9CEBF,order-6572EB4293,order-6572EB4293,order_id,2249.0,RETURN-QC-OK,N,sku-3AEE721165,Orbit Mini Speaker,agent-8DD1B16EC9,Returns Desk,Returns Desk,helpdesk,ambiguous,Ambiguous,Refund here; replacement on another ticket of same order,"same order_id: refund here, replacement_issued=Y on another ticket (may be separate incident)",cross-ticket/order evidence (order_id quoted on ticket),False,quoted on ticket,False,case-D36852EEAC,1320
case-275706AC8B,2026-01-30 15:29:00,2026-01,2026Q1,customer-80D37AE190,order-DA34CD716E,order-DA34CD716E,fallback_cust_sku,5524.0,DUP-PAYMENT,N,sku-7D5C409757,Nexa 2 Smartwatch,agent-2C389F865D,Voice Frontline,Voice Frontline,helpdesk,ambiguous,Ambiguous,Refund here; replacement on another ticket of same order,"same order_id: refund here, replacement_issued=Y on another ticket (may be separate incident)",cross-ticket/order evidence (order inferred from customer+SKU),False,inferred (customer+SKU),False,case-48B87E940B,2790
case-E1D24B0DF2,2026-01-30 21:47:00,2026-01,2026Q1,customer-53251B387B,order-E103164668,order-E103164668,order_id,2499.0,DUP-PAYMENT,N,sku-3AEE721165,Orbit Mini Speaker,agent-B57F209F90,Billing,Billing,helpdesk,ambiguous,Ambiguous,Refund here; replacement on another ticket of same order,"same order_id: refund here, replacement_issued=Y on another ticket (may be separate incident)",cross-ticket/order evidence (order_id quoted on ticket),False,quoted on ticket,False,case-FE825C7BD5,1320
case-1FA25CADB0,2026-01-30 23:45:00,2026-01,2026Q1,customer-FE1891AB0C,order-32D4E282C9,order-32D4E282C9,order_id,2974.0,RETURN-QC-OK,N,sku-4B6D1659BB,Pulse 2 True Wireless Earbuds,agent-4458F7DBB1,Logistics,Logistics,helpdesk,ambiguous,Ambiguous,Refund here; replacement on another ticket of same order,"same order_id: refund here, replacement_issued=Y on another ticket (may be separate incident)",cross-ticket/order evidence (order_id quoted on ticket),False,quoted on ticket,False,case-0FEC1782B5,1820
case-506535AE05,2026-01-31 09:06:00,2026-01,2026Q1,customer-6DEC4F1E8E,order-54C7D543F5,order-54C7D543F5,fallback_cust_sku,2468.0,RETURN-QC-OK,N,sku-97DA30AB66,Arc Neckband,agent-8DD1B16EC9,Returns Desk,Returns Desk,helpdesk,ambiguous,Ambiguous,Refund here; replacement on another ticket of same order,"same order_id: refund here, replacement_issued=Y on another ticket (may be separate incident)",cross-ticket/order evidence (order inferred from customer+SKU),False,inferred (customer+SKU),False,case-C206FEF599,880
case-FFC6271F61,2026-02-03 21:44:00,2026-02,2026Q1,customer-ACBD84C90D,order-603C969F26,order-603C969F26,fallback_cust_sku,5199.0,GW-OTHER,N,sku-7D5C409757,Nexa 2 Smartwatch,agent-1D9D0979BF,Billing,Billing,helpdesk,ambiguous,Ambiguous,Refund here; replacement on another ticket of same order,"same order_id: refund here, replacement_issued=Y on another ticket (may be separate incident)",cross-ticket/order evidence (order inferred from customer+SKU),False,inferred (customer+SKU),False,case-19FA8A3E36,2790
case-CDA466CE3A,2026-02-04 11:06:00,2026-02,2026Q1,customer-C9568A56AB,order-15A2CF844B,order-15A2CF844B,order_id,1799.0,GW-OTHER,N,sku-78E801A36D,AirLite Earbuds,agent-2E6CFE0BA4,Logistics,Logistics,helpdesk,ambiguous,Ambiguous,Note mentions a replacement; unclear if sent,note mentions replacement/reship; flag N (unclear whether one was sent),agent note,False,quoted on ticket,True,,1100
case-2F52629137,2026-02-09 20:02:00,2026-02,2026Q1,customer-B4023BB1D9,order-E7D0EA4735,order-E7D0EA4735,fallback_cust_sku,585.0,CANCEL,N,sku-7D5C409757,Nexa 2 Smartwatch,agent-FD8B6215AA,Chat Frontline,Chat Frontline,helpdesk,ambiguous,Ambiguous,Refund here; replacement on another ticket of same order,"same order_id: refund here, replacement_issued=Y on another ticket (may be separate incident)",cross-ticket/order evidence (order inferred from customer+SKU),False,inferred (customer+SKU),False,case-CFCD88A5C1,2790
case-85049382F6,2026-02-13 12:35:00,2026-02,2026Q1,customer-F96AEC01A4,order-D380BEBE00,order-D380BEBE00,order_id,3324.0,DUP-PAYMENT,N,sku-4B6D1659BB,Pulse 2 True Wireless Earbuds,agent-1D9D0979BF,Billing,Billing,helpdesk,ambiguous,Ambiguous,Refund here; replacement on another ticket of same order,"same order_id: refund here, replacement_issued=Y on another ticket (may be separate incident)",cross-ticket/order evidence (order_id quoted on ticket),False,quoted on ticket,False,case-18FB0435A9,1820
case-B66F505523,2026-02-19 10:08:00,2026-02,2026Q1,customer-41FD5FCC13,order-F00D498380,order-F00D498380,order_id,499.0,GW-OTHER,N,sku-4B6D1659BB,Pulse 2 True Wireless Earbuds,agent-C8B243A426,Billing,Billing,helpdesk,ambiguous,Ambiguous,Refund here; replacement on another ticket of same order,"same order_id: refund here, replacement_issued=Y on another ticket (may be separate incident)",cross-ticket/order evidence (order_id quoted on ticket),False,quoted on ticket,False,case-B6E1D0EA4C,1820
case-9ACEFEA756,2026-02-22 17:54:00,2026-02,2026Q1,customer-316BA90F4E,order-4E0A3BCAB3,order-4E0A3BCAB3,order_id,8498.0,DUP-PAYMENT,N,sku-DCFE0FA4B3,Nexa Smartwatch,agent-CAD0283874,Email Frontline,Email Frontline,helpdesk,ambiguous,Ambiguous,Refund here; replacement on another ticket of same order,"same order_id: refund here, replacement_issued=Y on another ticket (may be separate incident)",cross-ticket/order evidence (order_id quoted on ticket),False,quoted on ticket,False,case-F8C1412DF6,2240
case-D6A87E55F6,2026-02-24 22:37:00,2026-02,2026Q1,customer-737B3DE062,order-1EF7A1AD6A,order-1EF7A1AD6A,order_id,720.0,RETURN-QC-OK,N,sku-78E801A36D,AirLite Earbuds,agent-8DD1B16EC9,Returns Desk,Returns Desk,helpdesk,ambiguous,Ambiguous,Refund here; replacement on another ticket of same order,"same order_id: refund here, replacement_issued=Y on another ticket (may be separate incident)",cross-ticket/order evidence (order_id quoted on ticket),False,quoted on ticket,False,case-4582869E15,1100
case-AA025C83F7,2026-02-25 19:01:00,2026-02,2026Q1,customer-74335E93B6,order-EF33DD291F,order-EF33DD291F,order_id,306.0,DOA-REPL,N,sku-78E801A36D,AirLite Earbuds,agent-74E8D5BD49,Logistics,Logistics,helpdesk,ambiguous,Ambiguous,Refund here; replacement on another ticket of same order,"same order_id: refund here, replacement_issued=Y on another ticket (may be separate incident)",cross-ticket/order evidence (order_id quoted on ticket),False,quoted on ticket,False,case-E9E781BFF5,1100
case-42F824EB20,2026-02-27 13:48:00,2026-02,2026Q1,customer-FC07F6E7D6,order-4BB019AD77,order-4BB019AD77,fallback_cust_sku,5524.0,GW-OTHER,N,sku-7D5C409757,Nexa 2 Smartwatch,agent-8DD1B16EC9,Returns Desk,Returns Desk,helpdesk,ambiguous,Ambiguous,Refund here; replacement on another ticket of same order,"same order_id: refund here, replacement_issued=Y on another ticket (may be separate incident)",cross-ticket/order evidence (order inferred from customer+SKU),False,inferred (customer+SKU),False,case-F90421E30A,2790
case-7B5D090B20,2026-03-02 14:34:00,2026-03,2026Q1,customer-59525CD286,order-4EA7C3BBD6,order-4EA7C3BBD6,order_id,560.0,GW-OTHER,N,sku-4B6D1659BB,Pulse 2 True Wireless Earbuds,agent-CE76EFF670,Logistics,Logistics,helpdesk,ambiguous,Ambiguous,Note mentions a replacement; unclear if sent,note mentions replacement/reship; flag N (unclear whether one was sent),agent note,False,quoted on ticket,True,,1820
case-2A13B19481,2026-03-03 05:35:00,2026-03,2026Q1,customer-EB9E19453A,order-E979A23E2E,order-E979A23E2E,order_id,5598.0,GW-OTHER,N,sku-4B6D1659BB,Pulse 2 True Wireless Earbuds,agent-8DD1B16EC9,Returns Desk,Returns Desk,helpdesk,ambiguous,Ambiguous,Refund here; replacement on another ticket of same order,"same order_id: refund here, replacement_issued=Y on another ticket (may be separate incident)",cross-ticket/order evidence (order_id quoted on ticket),True,quoted on ticket,False,case-3209B9C334,1820
case-60B01315FD,2026-03-03 20:48:00,2026-03,2026Q1,customer-22ADC1B6A4,order-60FBFB5051,order-60FBFB5051,fallback_cust_sku,1234.0,LOST-TRANSIT,N,sku-97DA30AB66,Arc Neckband,agent-2C389F865D,Voice Frontline,Voice Frontline,helpdesk,ambiguous,Ambiguous,Note mentions a replacement; unclear if sent,note mentions replacement/reship; flag N (unclear whether one was sent),agent note,False,inferred (customer+SKU),True,,880
case-0FC698AD8E,2026-03-05 22:53:00,2026-03,2026Q1,customer-CEAA8478F6,order-5BD1385DAA,order-5BD1385DAA,order_id,3324.0,DUP-PAYMENT,N,sku-4B6D1659BB,Pulse 2 True Wireless Earbuds,agent-C8B243A426,Billing,Billing,helpdesk,ambiguous,Ambiguous,Refund here; replacement on another ticket of same order,"same order_id: refund here, replacement_issued=Y on another ticket (may be separate incident)",cross-ticket/order evidence (order_id quoted on ticket),False,quoted on ticket,False,case-6BAE8D8D6D,1820
case-B877EA96D5,2026-03-07 17:39:00,2026-03,2026Q1,customer-FA62B12A0A,order-9106B3BC12,order-9106B3BC12,fallback_cust_sku,280.0,RETURN-QC-OK,N,sku-4B6D1659BB,Pulse 2 True Wireless Earbuds,agent-266DE49821,Returns Desk,Returns Desk,helpdesk,ambiguous,Ambiguous,Refund here; replacement on another ticket of same order,"same order_id: refund here, replacement_issued=Y on another ticket (may be separate incident)",cross-ticket/order evidence (order inferred from customer+SKU),False,inferred (customer+SKU),False,case-F5536170C1,1820
case-3211E5A782,2026-03-11 08:19:00,2026-03,2026Q1,customer-EB018B6A52,order-FE10A281EF,order-FE10A281EF,order_id,2799.0,RETURN-QC-OK,N,sku-4B6D1659BB,Pulse 2 True Wireless Earbuds,agent-C48C9AEC6C,Returns Desk,Returns Desk,helpdesk,ambiguous,Ambiguous,Refund here; replacement on another ticket of same order,"same order_id: refund here, replacement_issued=Y on another ticket (may be separate incident)",cross-ticket/order evidence (order_id quoted on ticket),False,quoted on ticket,False,case-2B966B9408,1820
case-FB9BC76D39,2026-03-13 09:02:00,2026-03,2026Q1,customer-A0D462FD18,order-D7E79E33B1,order-D7E79E33B1,fallback_cust_sku,1260.0,RETURN-QC-OK,N,sku-4B6D1659BB,Pulse 2 True Wireless Earbuds,agent-8DD1B16EC9,Returns Desk,Returns Desk,helpdesk,ambiguous,Ambiguous,Refund here; replacement on another ticket of same order,"same order_id: refund here, replacement_issued=Y on another ticket (may be separate incident)",cross-ticket/order evidence (order inferred from customer+SKU),False,inferred (customer+SKU),False,case-0704F43C9C,1820
case-7F84CAB265,2026-03-14 20:12:00,2026-03,2026Q1,customer-EAC07A48C0,order-815AAFC85F,order-815AAFC85F,order_id,280.0,DUP-PAYMENT,N,sku-4B6D1659BB,Pulse 2 True Wireless Earbuds,agent-51B9A9155D,Logistics,Billing,helpdesk,ambiguous,Ambiguous,Refund here; replacement on another ticket of same order,"same order_id: refund here, replacement_issued=Y on another ticket (may be separate incident)",cross-ticket/order evidence (order_id quoted on ticket),False,quoted on ticket,False,case-375B6D1353,1820
case-ED9808FC9D,2026-03-18 15:37:00,2026-03,2026Q1,customer-8201DC0C7B,order-D8A67B6C7A,order-D8A67B6C7A,order_id,8498.0,PRICE-ADJ,N,sku-DCFE0FA4B3,Nexa Smartwatch,agent-B57F209F90,Billing,Billing,helpdesk,ambiguous,Ambiguous,Refund here; replacement on another ticket of same order,"same order_id: refund here, replacement_issued=Y on another ticket (may be separate incident)",cross-ticket/order evidence (order_id quoted on ticket),False,quoted on ticket,False,case-5044C355E7,2240
case-015108B8C9,2026-03-19 12:08:00,2026-03,2026Q1,customer-A5DC0BFEA1,order-CBF6AA670A,order-CBF6AA670A,fallback_cust_sku,650.0,DUP-PAYMENT,N,sku-F1B9683B2B,Pulse Charging Case (spare),agent-CAD0283874,Email Frontline,Billing,helpdesk,ambiguous,Ambiguous,Refund here; replacement on another ticket of same order,"same order_id: refund here, replacement_issued=Y on another ticket (may be separate incident)",cross-ticket/order evidence (order inferred from customer+SKU),False,inferred (customer+SKU),False,case-EF3BE97BCB,960
case-75EC3DBE63,2026-03-20 23:59:00,2026-03,2026Q1,customer-42022CF574,order-C1214DCB66,order-C1214DCB66,order_id,6499.0,LOST-TRANSIT,N,sku-7D5C409757,Nexa 2 Smartwatch,agent-51B9A9155D,Logistics,Logistics,helpdesk,ambiguous,Ambiguous,Note mentions a replacement; unclear if sent,note mentions replacement/reship; flag N (unclear whether one was sent),agent note,False,quoted on ticket,True,,2790
case-5C2901F55C,2026-03-21 18:33:00,2026-03,2026Q1,customer-6E5100CC87,order-3BF3EF189D,order-3BF3EF189D,order_id,3058.0,CANCEL,N,sku-78E801A36D,AirLite Earbuds,agent-B57F209F90,Billing,Billing,helpdesk,ambiguous,Ambiguous,Refund here; replacement on another ticket of same order,"same order_id: refund here, replacement_issued=Y on another ticket (may be separate incident)",cross-ticket/order evidence (order_id quoted on ticket),False,quoted on ticket,False,case-61421DBB30,1100
case-1794CC19DD,2026-03-21 22:31:00,2026-03,2026Q1,customer-62807DDCA2,order-02A8F41E4E,order-02A8F41E4E,fallback_cust_sku,6999.0,PRICE-ADJ,N,sku-01786EAD00,Strata 3 Over-Ear Headphones,agent-6FE707AC1C,Chat Frontline,Chat Frontline,helpdesk,ambiguous,Ambiguous,Refund here; replacement on another ticket of same order,"same order_id: refund here, replacement_issued=Y on another ticket (may be separate incident)",cross-ticket/order evidence (order inferred from customer+SKU),False,inferred (customer+SKU),False,case-A90C473322,2990
case-99BCB7931F,2026-03-29 14:37:00,2026-03,2026Q1,customer-16DB69D0EC,order-3724F3E104,order-3724F3E104,order_id,2249.0,DUP-PAYMENT,N,sku-3AEE721165,Orbit Mini Speaker,agent-266DE49821,Returns Desk,Email Frontline,helpdesk,ambiguous,Ambiguous,Refund here; replacement on another ticket of same order,"same order_id: refund here, replacement_issued=Y on another ticket (may be separate incident)",cross-ticket/order evidence (order_id quoted on ticket),False,quoted on ticket,False,case-38470282D4,1320
case-C40AB79388,2026-03-29 23:41:00,2026-03,2026Q1,customer-C47A3FFE57,order-9C08347255,order-9C08347255,fallback_cust_sku,2499.0,DOA-REPL,Y,sku-25C24EEA39,Pulse True Wireless Earbuds,agent-3A17F69C28,Email Frontline,Email Frontline,helpdesk,ambiguous,Ambiguous,Replacement flag Y but note says declined,replacement_issued=Y but note says replacement declined/rejected,structured field vs agent note (contradiction),False,inferred (customer+SKU),False,,1460
case-CE95438C31,2026-04-01 18:53:00,2026-04,2026Q2,customer-F20F93F3B3,order-D2048BD70D,order-D2048BD70D,order_id,1439.0,GW-OTHER,N,sku-78E801A36D,AirLite Earbuds,agent-2C389F865D,Voice Frontline,Voice Frontline,helpdesk,ambiguous,Ambiguous,Refund here; replacement on another ticket of same order,"same order_id: refund here, replacement_issued=Y on another ticket (may be separate incident)",cross-ticket/order evidence (order_id quoted on ticket),False,quoted on ticket,False,case-CF7B01021E,1100
case-F5511293DF,2026-04-03 20:27:00,2026-04,2026Q2,customer-D5965DD901,order-DBD58BF08D,order-DBD58BF08D,fallback_cust_sku,475.0,DUP-PAYMENT,N,sku-25C24EEA39,Pulse True Wireless Earbuds,agent-B57F209F90,Billing,Billing,helpdesk,ambiguous,Ambiguous,Refund here; replacement on another ticket of same order,"same order_id: refund here, replacement_issued=Y on another ticket (may be separate incident)",cross-ticket/order evidence (order inferred from customer+SKU),False,inferred (customer+SKU),False,case-1D2D9DEF1E,1460
case-4449A648B4,2026-04-04 21:48:00,2026-04,2026Q2,customer-E29EF19CF4,order-34B464FB79,order-34B464FB79,order_id,280.0,RETURN-QC-OK,N,sku-4B6D1659BB,Pulse 2 True Wireless Earbuds,agent-8DD1B16EC9,Returns Desk,Returns Desk,helpdesk,ambiguous,Ambiguous,Refund here; replacement on another ticket of same order,"same order_id: refund here, replacement_issued=Y on another ticket (may be separate incident)",cross-ticket/order evidence (order_id quoted on ticket),False,quoted on ticket,False,case-99BAC80985,1820
case-CEF577CB15,2026-04-04 22:55:00,2026-04,2026Q2,customer-D1BD851089,order-7468D24961,order-7468D24961,order_id,6999.0,GW-OTHER,N,sku-01786EAD00,Strata 3 Over-Ear Headphones,agent-C8B243A426,Billing,Billing,helpdesk,ambiguous,Ambiguous,Refund here; replacement on another ticket of same order,"same order_id: refund here, replacement_issued=Y on another ticket (may be separate incident)",cross-ticket/order evidence (order_id quoted on ticket),False,quoted on ticket,False,case-B7D2627F9A,2990
case-0EABE814C8,2026-04-05 15:56:00,2026-04,2026Q2,customer-16DB69D0EC,order-3724F3E104,order-3724F3E104,fallback_cust_sku,2249.0,RETURN-QC-OK,N,sku-3AEE721165,Orbit Mini Speaker,agent-266DE49821,Returns Desk,Returns Desk,helpdesk,ambiguous,Ambiguous,Refund here; replacement on another ticket of same order,"same order_id: refund here, replacement_issued=Y on another ticket (may be separate incident)",cross-ticket/order evidence (order inferred from customer+SKU),False,inferred (customer+SKU),False,case-38470282D4,1320
case-7FA6C40CCC,2026-04-05 19:05:00,2026-04,2026Q2,customer-FA592AD631,order-96BAD4886E,order-96BAD4886E,order_id,375.0,DOA-REPL,N,sku-25C24EEA39,Pulse True Wireless Earbuds,agent-1CD1933598,Escalations & Warranty,Voice Frontline,helpdesk,ambiguous,Ambiguous,Note mentions a replacement; unclear if sent,note mentions replacement/reship; flag N (unclear whether one was sent),agent note,False,quoted on ticket,True,,1460
case-991EB17197,2026-04-09 17:41:00,2026-04,2026Q2,customer-C0720575DC,order-4A6DF3BD50,order-4A6DF3BD50,order_id,3499.0,GW-OTHER,N,sku-4B6D1659BB,Pulse 2 True Wireless Earbuds,agent-266DE49821,Returns Desk,Returns Desk,helpdesk,ambiguous,Ambiguous,Refund here; replacement on another ticket of same order,"same order_id: refund here, replacement_issued=Y on another ticket (may be separate incident)",cross-ticket/order evidence (order_id quoted on ticket),False,quoted on ticket,False,case-BC3F053FAE,1820
case-25321567D2,2026-04-09 22:55:00,2026-04,2026Q2,customer-34E4890881,order-EA77847686,order-EA77847686,fallback_cust_sku,5599.0,DOA-REPL,N,sku-01786EAD00,Strata 3 Over-Ear Headphones,agent-2E6CFE0BA4,Logistics,Logistics,helpdesk,ambiguous,Ambiguous,Note mentions a replacement; unclear if sent,note mentions replacement/reship; flag N (unclear whether one was sent),agent note,False,inferred (customer+SKU),True,,2990
case-0289FA96CE,2026-04-12 09:00:00,2026-04,2026Q2,customer-E157E2076D,order-A43014992F,order-A43014992F,fallback_cust_sku,2799.0,GW-OTHER,N,sku-4B6D1659BB,Pulse 2 True Wireless Earbuds,agent-5248A51FF0,Email Frontline,Email Frontline,helpdesk,ambiguous,Ambiguous,Refund here; replacement on another ticket of same order,"same order_id: refund here, replacement_issued=Y on another ticket (may be separate incident)",cross-ticket/order evidence (order inferred from customer+SKU),False,inferred (customer+SKU),False,case-E9CE00D2A6,1820
case-DE7B5C7643,2026-04-13 18:49:00,2026-04,2026Q2,customer-2C5BAFE693,order-9C22BB194D,order-9C22BB194D,order_id,1529.0,CANCEL,N,sku-78E801A36D,AirLite Earbuds,agent-C2250AB9A2,Chat Frontline,Chat Frontline,helpdesk,ambiguous,Ambiguous,Refund here; replacement on another ticket of same order,"same order_id: refund here, replacement_issued=Y on another ticket (may be separate incident)",cross-ticket/order evidence (order_id quoted on ticket),False,quoted on ticket,False,case-17C646C09E,1100
case-A7F152E994,2026-04-15 17:40:00,2026-04,2026Q2,customer-74683B0091,order-FFEDE8251C,order-FFEDE8251C,order_id,2499.0,LOST-TRANSIT,N,sku-3AEE721165,Orbit Mini Speaker,agent-CE76EFF670,Logistics,Logistics,helpdesk,ambiguous,Ambiguous,Refund here; replacement on another ticket of same order,"same order_id: refund here, replacement_issued=Y on another ticket (may be separate incident)",cross-ticket/order evidence (order_id quoted on ticket),True,quoted on ticket,False,case-1A819E10C5,1320
case-93186DEC6E,2026-04-18 17:58:00,2026-04,2026Q2,customer-99C767670E,order-19F4EBA283,order-19F4EBA283,order_id,1250.0,WTY-BUYBACK,N,sku-3AEE721165,Orbit Mini Speaker,agent-99D1C33C65,Chat Frontline,Chat Frontline,helpdesk,ambiguous,Ambiguous,Refund here; replacement on another ticket of same order,"same order_id: refund here, replacement_issued=Y on another ticket (may be separate incident)",cross-ticket/order evidence (order_id quoted on ticket),False,quoted on ticket,False,case-F05011BF71,1320
case-C3CFE01B9C,2026-04-22 19:37:00,2026-04,2026Q2,customer-D818A2E112,order-2657CC293C,order-2657CC293C,order_id,2799.0,GW-OTHER,N,sku-4B6D1659BB,Pulse 2 True Wireless Earbuds,agent-0677E1B0C2,Chat Frontline,Chat Frontline,helpdesk,ambiguous,Ambiguous,Refund here; replacement on another ticket of same order,"same order_id: refund here, replacement_issued=Y on another ticket (may be separate incident)",cross-ticket/order evidence (order_id quoted on ticket),False,quoted on ticket,False,case-2AC38936C3,1820
case-9607CFA0C1,2026-04-25 07:59:00,2026-04,2026Q2,customer-CB45EABFAD,order-23DC5B2B3E,order-23DC5B2B3E,order_id,1234.0,RETURN-QC-OK,N,sku-97DA30AB66,Arc Neckband,agent-B57F209F90,Billing,Billing,helpdesk,ambiguous,Ambiguous,Refund here; replacement on another ticket of same order,"same order_id: refund here, replacement_issued=Y on another ticket (may be separate incident)",cross-ticket/order evidence (order_id quoted on ticket),False,quoted on ticket,False,case-D6959E1923,880
case-3FC01B8AA1,2026-04-30 10:40:00,2026-04,2026Q2,customer-B58B64FADC,order-AB2A2F32BD,order-AB2A2F32BD,order_id,2374.0,GW-OTHER,N,sku-25C24EEA39,Pulse True Wireless Earbuds,agent-B57F209F90,Billing,Billing,helpdesk,ambiguous,Ambiguous,Refund here; replacement on another ticket of same order,"same order_id: refund here, replacement_issued=Y on another ticket (may be separate incident)",cross-ticket/order evidence (order_id quoted on ticket),False,quoted on ticket,False,case-F1183756A1,1460
case-E8F251933D,2026-05-06 23:20:00,2026-05,2026Q2,customer-3B86D55432,order-E65EADDE62,order-E65EADDE62,order_id,1999.0,RETURN-QC-OK,N,sku-21A83778E7,Nexa Fit Band,agent-C48C9AEC6C,Returns Desk,Returns Desk,helpdesk,ambiguous,Ambiguous,Refund here; replacement on another ticket of same order,"same order_id: refund here, replacement_issued=Y on another ticket (may be separate incident)",cross-ticket/order evidence (order_id quoted on ticket),False,quoted on ticket,False,case-AAF504A13B,1190
case-7E71F196DE,2026-05-10 21:42:00,2026-05,2026Q2,customer-4104F94DD3,order-BFBA4E7B39,order-BFBA4E7B39,order_id,399.0,DUP-PAYMENT,N,sku-52390C68FD,USB-C Braided Cable,agent-1D9D0979BF,Billing,Billing,helpdesk,ambiguous,Ambiguous,Refund here; replacement on another ticket of same order,"same order_id: refund here, replacement_issued=Y on another ticket (may be separate incident)",cross-ticket/order evidence (order_id quoted on ticket),False,quoted on ticket,False,case-4822A1F6F6,430
case-ABD8F228CC,2026-05-10 22:13:00,2026-05,2026Q2,customer-6FCBC3D234,order-641AA6C388,order-641AA6C388,fallback_cust_sku,2499.0,GW-OTHER,N,sku-3AEE721165,Orbit Mini Speaker,agent-B57F209F90,Billing,Chat Frontline,helpdesk,ambiguous,Ambiguous,Refund here; replacement on another ticket of same order,"same order_id: refund here, replacement_issued=Y on another ticket (may be separate incident)",cross-ticket/order evidence (order inferred from customer+SKU),False,inferred (customer+SKU),False,case-21C399B8A5,1320
case-E49A5021EB,2026-05-23 07:03:00,2026-05,2026Q2,customer-26FD2A4211,order-F25EF4F488,order-F25EF4F488,order_id,3499.0,CANCEL,N,sku-4B6D1659BB,Pulse 2 True Wireless Earbuds,agent-05E479EE73,Chat Frontline,Chat Frontline,helpdesk,ambiguous,Ambiguous,Refund here; replacement on another ticket of same order,"same order_id: refund here, replacement_issued=Y on another ticket (may be separate incident)",cross-ticket/order evidence (order_id quoted on ticket),False,quoted on ticket,False,case-55F36F7C45,1820
case-A6DE9B3B3C,2026-05-29 19:06:00,2026-05,2026Q2,customer-B571FFC2BB,order-864F833E2E,order-864F833E2E,fallback_cust_sku,1234.0,RETURN-QC-OK,N,sku-F1B9683B2B,Pulse Charging Case (spare),agent-266DE49821,Returns Desk,Returns Desk,helpdesk,ambiguous,Ambiguous,Refund here; replacement on another ticket of same order,"same order_id: refund here, replacement_issued=Y on another ticket (may be separate incident)",cross-ticket/order evidence (order inferred from customer+SKU),False,inferred (customer+SKU),False,case-E80D9F1986,960
case-3CD8815C32,2026-05-29 19:12:00,2026-05,2026Q2,customer-8947657A37,order-EB4B6F6F8A,order-EB4B6F6F8A,order_id,162.0,DOA-REPL,N,sku-78E801A36D,AirLite Earbuds,agent-8186D4526C,Chat Frontline,Email Frontline,helpdesk,ambiguous,Ambiguous,Refund here; replacement on another ticket of same order,"same order_id: refund here, replacement_issued=Y on another ticket (may be separate incident)",cross-ticket/order evidence (order_id quoted on ticket),False,quoted on ticket,False,case-90B1E75F01,1100
case-2787072736,2026-05-31 12:48:00,2026-05,2026Q2,customer-6D01FBD20C,order-1B99528ECB,order-1B99528ECB,fallback_cust_sku,3324.0,WTY-BUYBACK,N,sku-4B6D1659BB,Pulse 2 True Wireless Earbuds,agent-333BBC740C,Voice Frontline,Voice Frontline,helpdesk,ambiguous,Ambiguous,Refund here; replacement on another ticket of same order,"same order_id: refund here, replacement_issued=Y on another ticket (may be separate incident)",cross-ticket/order evidence (order inferred from customer+SKU),False,inferred (customer+SKU),False,case-1A66C02925,1820
case-34EF34CA32,2026-06-07 12:45:00,2026-06,2026Q2,customer-DB55F511EA,order-B177E5F0A1,order-B177E5F0A1,order_id,2499.0,PRICE-ADJ,N,sku-25C24EEA39,Pulse True Wireless Earbuds,agent-4D3361BC6C,Billing,Billing,helpdesk,ambiguous,Ambiguous,Refund here; replacement on another ticket of same order,"same order_id: refund here, replacement_issued=Y on another ticket (may be separate incident)",cross-ticket/order evidence (order_id quoted on ticket),False,quoted on ticket,False,case-5672BC7719,1460
case-FDD61E81B8,2026-06-07 22:36:00,2026-06,2026Q2,customer-162379D3F3,order-015221B89C,order-015221B89C,order_id,700.0,GW-OTHER,N,sku-4B6D1659BB,Pulse 2 True Wireless Earbuds,agent-51B9A9155D,Logistics,Logistics,helpdesk,ambiguous,Ambiguous,Refund here; replacement on another ticket of same order,"same order_id: refund here, replacement_issued=Y on another ticket (may be separate incident)",cross-ticket/order evidence (order_id quoted on ticket),False,quoted on ticket,False,case-18299E0D50,1820
case-F7178CE21A,2026-06-13 21:57:00,2026-06,2026Q2,customer-1E1C35AFE8,order-BC84358380,order-BC84358380,fallback_cust_sku,2374.0,GW-OTHER,N,sku-25C24EEA39,Pulse True Wireless Earbuds,agent-C48C9AEC6C,Returns Desk,Returns Desk,helpdesk,ambiguous,Ambiguous,Refund here; replacement on another ticket of same order,"same order_id: refund here, replacement_issued=Y on another ticket (may be separate incident)",cross-ticket/order evidence (order inferred from customer+SKU),False,inferred (customer+SKU),False,case-D756D9DFFD,1460
case-FC8C545E0C,2026-06-17 15:55:00,2026-06,2026Q2,customer-7C50D6217B,order-F83C317C42,order-F83C317C42,order_id,319.0,LOST-TRANSIT,N,sku-25C24EEA39,Pulse True Wireless Earbuds,agent-CE76EFF670,Logistics,Logistics,helpdesk,ambiguous,Ambiguous,Refund here; replacement on another ticket of same order,"same order_id: refund here, replacement_issued=Y on another ticket (may be separate incident)",cross-ticket/order evidence (order_id quoted on ticket),False,quoted on ticket,False,case-525ABBD05E,1460
case-680C23780D,2026-06-18 19:55:00,2026-06,2026Q2,customer-77D1947502,order-FB39967A86,order-FB39967A86,order_id,2974.0,CANCEL,N,sku-4B6D1659BB,Pulse 2 True Wireless Earbuds,agent-2C389F865D,Voice Frontline,Voice Frontline,helpdesk,ambiguous,Ambiguous,Refund here; replacement on another ticket of same order,"same order_id: refund here, replacement_issued=Y on another ticket (may be separate incident)",cross-ticket/order evidence (order_id quoted on ticket),False,quoted on ticket,False,case-00C870E35A,1820
case-6F7A2D953C,2026-06-20 12:45:00,2026-06,2026Q2,customer-6D37A55ED7,order-BDA03AF9FB,order-BDA03AF9FB,order_id,6174.0,DOA-REPL,N,sku-7D5C409757,Nexa 2 Smartwatch,agent-4458F7DBB1,Logistics,Logistics,helpdesk,ambiguous,Ambiguous,Note mentions a replacement; unclear if sent,note mentions replacement/reship; flag N (unclear whether one was sent),agent note,False,quoted on ticket,True,,2790
case-FBA9322A0D,2026-06-26 06:57:00,2026-06,2026Q2,customer-3D75EA7AE7,order-2A850BC400,order-2A850BC400,order_id,350.0,GW-OTHER,N,sku-4B6D1659BB,Pulse 2 True Wireless Earbuds,agent-8DD1B16EC9,Returns Desk,Returns Desk,helpdesk,ambiguous,Ambiguous,Refund here; replacement on another ticket of same order,"same order_id: refund here, replacement_issued=Y on another ticket (may be separate incident)",cross-ticket/order evidence (order_id quoted on ticket),False,quoted on ticket,False,case-6EC3CCADCB,1820
